"hour_stump","datacenter_id","datacenter_room_id","miner_model","gigahash/second","miner_count"
2021-10-28 05:45:00.000,2,"3",M31SI,0.0,1.0
2021-10-27 01:20:00.000,2,"3",M31SI,193153.48,1.0
2021-10-31 09:00:00.000,2,"3",M31SI,193456.06,0.21428572
2021-10-28 14:10:00.000,2,"3",M31SI,242963.55,2.1176472
2021-10-30 23:50:00.000,2,"3",M31SI,189064.12,1.0
2021-10-28 15:00:00.000,2,"3",M31SI,146522.47,1.0
2021-10-26 06:45:00.000,2,"3",M31SI,130336.7,1.0
2021-10-31 02:10:00.000,2,"3",M31SI,80121.98,2.2631578
2021-10-27 18:50:00.000,2,"3",M31SI,242174.98,1.0
2021-10-29 16:55:00.000,2,"3",M31SI,114035.84,0.16666667
2021-10-27 13:55:00.000,2,"3",M31SI,0.0,1.0
2021-10-27 17:55:00.000,2,"3",M31SI,244044.78,1.0
2021-10-29 08:20:00.000,2,"3",M31SI,94071.336,1.0
2021-10-29 20:10:00.000,2,"3",M31SI,61216.66,1.5
2021-10-29 05:05:00.000,2,"3",M31SI,244151.5,0.21428572
2021-10-28 23:05:00.000,2,"3",M31SI,243320.69,0.21428572
2021-10-27 23:55:00.000,2,"3",M31SI,32274.11,2.5454545
2021-10-26 09:35:00.000,2,"3",M31SI,230855.45,1.28
2021-10-27 08:15:00.000,2,"3",M31SI,232419.95,1.0
2021-10-29 23:35:00.000,2,"3",M31SI,244670.6,1.0
2021-10-29 14:05:00.000,2,"3",M31SI,195220.94,1.0714285
2021-10-26 13:45:00.000,2,"3",M31SI,182884.06,1.0
2021-10-27 02:55:00.000,2,"3",M31SI,158442.89,1.3333334
2021-10-26 11:50:00.000,2,"3",M31SI,115777.12,0.6666667
2021-10-31 16:00:00.000,2,"3",M31SI,245662.62,1.0
2021-10-29 11:55:00.000,2,"3",M31SI,242055.14,0.21428572
2021-10-26 05:30:00.000,2,"3",M31SI,79501.48,1.25
2021-10-30 09:55:00.000,2,"3",M31SI,241595.02,0.21428572
2021-10-28 18:20:00.000,2,"3",M31SI,118093.12,0.21428572
2021-10-27 05:45:00.000,2,"3",M31SI,232360.33,1.0
2021-10-28 06:00:00.000,2,"3",M31SI,30541.707,0.39130434
2021-10-28 11:10:00.000,2,"3",M31SI,75225.93,1.3333334
2021-10-31 11:45:00.000,2,"3",M31SI,244668.62,0.21428572
2021-10-27 21:20:00.000,2,"3",M31SI,0.0,0.42857143
2021-10-28 07:05:00.000,2,"3",M31SI,244434.28,1.0
2021-10-27 10:20:00.000,2,"3",M31SI,232314.44,1.0
2021-10-30 21:20:00.000,2,"3",M31SI,193458.56,0.9375
2021-10-28 09:05:00.000,2,"3",M31SI,243741.11,1.0
2021-10-26 17:35:00.000,2,"3",M31SI,183990.6,1.0
2021-10-27 14:40:00.000,2,"3",M31SI,91878.74,1.0
2021-10-27 08:20:00.000,2,"3",M31SI,232419.14,1.0
2021-10-29 01:35:00.000,2,"3",M31SI,242846.42,1.0
2021-10-28 16:50:00.000,2,"3",M31SI,244324.84,1.0
2021-10-30 08:25:00.000,2,"3",M31SI,191166.72,0.21428572
2021-10-31 12:45:00.000,2,"3",M31SI,241812.34,0.25
2021-10-29 00:10:00.000,2,"3",M31SI,120018.234,1.2
2021-10-27 18:45:00.000,2,"3",M31SI,243630.61,1.0
2021-10-26 19:30:00.000,2,"3",M31SI,171647.3,1.0
2021-10-26 14:50:00.000,2,"3",M31SI,232804.33,1.0
2021-10-31 12:35:00.000,2,"3",M31SI,141130.78,0.21428572
2021-10-31 05:45:00.000,2,"3",M31SI,31363.402,1.25
2021-10-30 17:55:00.000,2,"3",M31SI,106007.16,1.0
2021-10-29 02:30:00.000,2,"3",M31SI,242379.94,1.0
2021-10-28 11:35:00.000,2,"3",M31SI,71424.87,0.6666667
2021-10-26 10:05:00.000,2,"3",M31SI,79506.445,1.074074
2021-10-26 09:30:00.000,2,"3",M31SI,187946.98,0.75
2021-10-28 00:50:00.000,2,"3",M31SI,119595.66,0.85714287
2021-10-30 02:10:00.000,2,"3",M31SI,120266.055,0.73333335
2021-10-29 21:35:00.000,2,"3",M31SI,0.0,1.5
2021-10-31 15:00:00.000,2,"3",M31SI,245494.8,0.21428572
2021-10-29 22:10:00.000,2,"3",M31SI,0.0,0.45
2021-10-31 13:20:00.000,2,"3",M31SI,242067.88,1.0
2021-10-31 14:30:00.000,2,"3",M31SI,140668.73,1.2941177
2021-10-31 08:25:00.000,2,"3",M31SI,188573.9,1.0
2021-10-26 20:50:00.000,2,"3",M31SI,185655.2,1.0
2021-10-30 10:35:00.000,2,"3",M31SI,239881.0,0.21428572
2021-10-27 06:35:00.000,2,"3",M31SI,232334.0,1.0
2021-10-29 00:45:00.000,2,"3",M31SI,242669.4,1.0
2021-10-29 04:50:00.000,2,"3",M31SI,191265.17,0.2
2021-10-29 17:40:00.000,2,"3",M31SI,39460.03,1.6666666
2021-10-26 18:35:00.000,2,"3",M31SI,190123.88,1.0
2021-10-31 16:15:00.000,2,"3",M31SI,80807.8,0.1875
2021-10-27 19:55:00.000,2,"3",M31SI,240478.3,1.0
2021-10-30 10:05:00.000,2,"3",M31SI,241600.33,2.0
2021-10-29 17:00:00.000,2,"3",M31SI,95676.37,0.85714287
2021-10-28 17:35:00.000,2,"3",M31SI,244450.75,1.0
2021-10-29 16:05:00.000,2,"3",M31SI,243906.56,1.0
2021-10-29 01:15:00.000,2,"3",M31SI,242809.5,1.0
2021-10-28 20:30:00.000,2,"3",M31SI,91687.67,0.2
2021-10-30 09:25:00.000,2,"3",M31SI,241568.72,0.21428572
2021-10-29 13:50:00.000,2,"3",M31SI,241937.97,1.0
2021-10-31 16:20:00.000,2,"3",M31SI,102401.18,0.21428572
2021-10-26 11:15:00.000,2,"3",M31SI,147657.11,0.7
2021-10-30 14:45:00.000,2,"3",M31SI,243220.38,1.0
2021-10-27 20:15:00.000,2,"3",M31SI,242808.23,1.0
2021-10-25 22:15:00.000,2,"3",M31SI,84468.055,1.0
2021-10-26 16:10:00.000,2,"3",M31SI,232558.9,1.0
2021-10-30 20:40:00.000,2,"3",M31SI,189129.83,0.21428572
2021-10-28 19:40:00.000,2,"3",M31SI,93274.83,0.2
2021-10-30 00:35:00.000,2,"3",M31SI,244117.61,1.0
2021-10-28 13:05:00.000,2,"3",M31SI,244013.02,1.0
2021-10-28 20:05:00.000,2,"3",M31SI,243268.23,1.15
2021-10-27 23:35:00.000,2,"3",M31SI,145914.77,1.5714285
2021-10-27 01:45:00.000,2,"3",M31SI,180433.14,1.0
2021-10-29 03:00:00.000,2,"3",M31SI,243184.95,1.0
2021-10-26 09:00:00.000,2,"3",M31SI,159794.5,1.0
2021-10-27 01:55:00.000,2,"3",M31SI,158446.66,1.3333334
2021-10-30 07:55:00.000,2,"3",M31SI,241872.95,1.0
2021-10-26 19:10:00.000,2,"3",M31SI,180541.77,1.0
2021-10-29 02:50:00.000,2,"3",M31SI,243148.14,1.0
2021-10-28 20:15:00.000,2,"3",M31SI,76609.36,1.6666666
2021-10-27 01:40:00.000,2,"3",M31SI,187704.11,1.0
2021-10-26 23:45:00.000,2,"3",M31SI,114498.4,1.3333334
2021-10-30 04:45:00.000,2,"3",M31SI,242392.72,0.9230769
2021-10-31 20:10:00.000,2,"3",M31SI,134991.1,0.875
2021-10-26 11:20:00.000,2,"3",M31SI,109720.65,1.0
2021-10-31 14:10:00.000,2,"3",M31SI,31012.39,0.7368421
2021-10-30 15:45:00.000,2,"3",M31SI,87477.07,0.21428572
2021-10-30 16:15:00.000,2,"3",M31SI,244698.78,0.21428572
2021-10-28 21:10:00.000,2,"3",M31SI,243307.39,0.21428572
2021-10-26 22:00:00.000,2,"3",M31SI,180524.55,1.0
2021-10-30 17:25:00.000,2,"3",M31SI,98677.945,1.0
2021-10-30 23:30:00.000,2,"3",M31SI,200814.56,1.0
2021-10-28 16:25:00.000,2,"3",M31SI,93906.94,1.0
2021-10-27 03:30:00.000,2,"3",M31SI,184843.53,1.0
2021-10-25 20:20:00.000,2,"3",M31SI,107020.555,0.2
2021-10-30 19:15:00.000,2,"3",M31SI,92411.33,0.21428572
2021-10-28 19:35:00.000,2,"3",M31SI,104664.66,0.21428572
2021-10-30 00:10:00.000,2,"3",M31SI,80416.94,1.0
2021-10-29 15:25:00.000,2,"3",M31SI,243894.34,1.0
2021-10-31 21:55:00.000,2,"3",M31SI,108257.41,0.2
2021-10-31 17:35:00.000,2,"3",M31SI,233453.22,0.5714286
2021-10-29 08:25:00.000,2,"3",M31SI,140610.83,1.0
2021-10-25 22:40:00.000,2,"3",M31SI,63932.05,1.5833334
2021-10-29 09:15:00.000,2,"3",M31SI,242541.47,1.0
2021-10-31 22:15:00.000,2,"3",M31SI,29851.336,0.8888889
2021-10-29 17:50:00.000,2,"3",M31SI,103212.07,1.2
2021-10-31 21:15:00.000,2,"3",M31SI,75307.26,1.3636364
2021-10-26 12:40:00.000,2,"3",M31SI,112401.62,1.3333334
2021-10-28 03:10:00.000,2,"3",M31SI,243484.62,0.21428572
2021-10-26 18:10:00.000,2,"3",M31SI,181285.88,1.0
2021-10-27 15:00:00.000,2,"3",M31SI,244429.52,1.0
2021-10-31 20:55:00.000,2,"3",M31SI,104186.586,1.3571428
2021-10-31 12:20:00.000,2,"3",M31SI,0.0,0.3529412
2021-10-30 21:40:00.000,2,"3",M31SI,78000.53,0.21428572
2021-10-30 02:55:00.000,2,"3",M31SI,138789.6,0.6666667
2021-10-26 18:40:00.000,2,"3",M31SI,181756.53,1.0
2021-10-31 10:45:00.000,2,"3",M31SI,90761.44,0.21428572
2021-10-28 01:20:00.000,2,"3",M31SI,0.0,1.2
2021-10-26 08:35:00.000,2,"3",M31SI,145435.1,0.875
2021-10-26 21:00:00.000,2,"3",M31SI,183374.0,1.0
2021-10-30 15:00:00.000,2,"3",M31SI,243247.66,1.0
2021-10-25 23:05:00.000,2,"3",M31SI,66324.13,1.5
2021-10-27 02:00:00.000,2,"3",M31SI,193905.1,1.0
2021-10-26 23:25:00.000,2,"3",M31SI,79207.836,1.3333334
2021-10-25 20:15:00.000,2,"3",M31SI,114191.586,0.64285713
2021-10-27 08:30:00.000,2,"3",M31SI,232414.89,1.0
2021-10-28 02:55:00.000,2,"3",M31SI,243473.75,0.21428572
2021-10-30 08:45:00.000,2,"3",M31SI,241463.73,0.21428572
2021-10-26 02:50:00.000,2,"3",M31SI,79494.39,0.7692308
2021-10-26 01:20:00.000,2,"3",M31SI,128935.21,1.0
2021-10-30 21:10:00.000,2,"3",M31SI,162103.1,0.1875
2021-10-31 05:00:00.000,2,"3",M31SI,109533.27,1.0
2021-10-30 21:25:00.000,2,"3",M31SI,110209.98,0.6875
2021-10-31 09:20:00.000,2,"3",M31SI,0.0,0.5294118
2021-10-31 01:50:00.000,2,"3",M31SI,243530.03,1.0
2021-10-28 11:30:00.000,2,"3",M31SI,107894.2,1.1666666
2021-10-26 01:10:00.000,2,"3",M31SI,79479.61,1.6666666
2021-10-30 06:40:00.000,2,"3",M31SI,242618.67,1.0
2021-10-29 13:30:00.000,2,"3",M31SI,241932.78,1.0
2021-10-29 07:10:00.000,2,"3",M31SI,243516.22,0.2
2021-10-27 03:45:00.000,2,"3",M31SI,227263.81,1.0
2021-10-26 11:55:00.000,2,"3",M31SI,110882.2,1.1428572
2021-10-30 17:10:00.000,2,"3",M31SI,244759.38,1.0
2021-10-26 21:05:00.000,2,"3",M31SI,180148.5,1.0
2021-10-27 12:15:00.000,2,"3",M31SI,242038.86,1.0
2021-10-30 00:45:00.000,2,"3",M31SI,244284.56,1.0
2021-10-26 07:45:00.000,2,"3",M31SI,79502.3,0.8
2021-10-31 15:50:00.000,2,"3",M31SI,245679.16,0.21428572
2021-10-29 09:25:00.000,2,"3",M31SI,242582.25,1.0
2021-10-27 14:05:00.000,2,"3",M31SI,242065.92,1.0
2021-10-30 10:55:00.000,2,"3",M31SI,239884.56,0.21428572
2021-10-28 22:20:00.000,2,"3",M31SI,94164.84,0.2
2021-10-30 00:30:00.000,2,"3",M31SI,243848.88,1.0
2021-10-28 12:55:00.000,2,"3",M31SI,243973.36,1.0
2021-10-29 07:20:00.000,2,"3",M31SI,243528.77,0.21428572
2021-10-27 04:00:00.000,2,"3",M31SI,230378.64,1.0
2021-10-29 01:00:00.000,2,"3",M31SI,242826.28,1.0
2021-10-27 20:35:00.000,2,"3",M31SI,243201.19,1.0
2021-10-26 00:20:00.000,2,"3",M31SI,150874.69,0.875
2021-10-29 20:20:00.000,2,"3",M31SI,0.0,1.5
2021-10-30 08:35:00.000,2,"3",M31SI,241377.08,0.21428572
2021-10-29 13:40:00.000,2,"3",M31SI,241941.73,1.0
2021-10-26 18:30:00.000,2,"3",M31SI,151647.08,1.3333334
2021-10-30 07:15:00.000,2,"3",M31SI,242778.67,1.0
2021-10-26 19:40:00.000,2,"3",M31SI,180545.19,1.0
2021-10-30 11:00:00.000,2,"3",M31SI,239920.39,0.21428572
2021-10-31 17:15:00.000,2,"3",M31SI,186382.48,1.0
2021-10-30 04:40:00.000,2,"3",M31SI,242262.77,1.0
2021-10-26 19:35:00.000,2,"3",M31SI,183802.3,1.0
2021-10-29 11:40:00.000,2,"3",M31SI,152417.42,0.21428572
2021-10-26 15:55:00.000,2,"3",M31SI,232645.47,1.0
2021-10-26 08:30:00.000,2,"3",M31SI,148807.72,1.375
2021-10-30 17:15:00.000,2,"3",M31SI,244761.64,1.75
2021-10-27 02:45:00.000,2,"3",M31SI,193970.02,1.0
2021-10-27 18:15:00.000,2,"3",M31SI,33953.47,1.6666666
2021-10-27 06:15:00.000,2,"3",M31SI,232364.23,1.0
2021-10-29 09:05:00.000,2,"3",M31SI,242530.64,1.0
2021-10-27 21:05:00.000,2,"3",M31SI,243430.25,1.0
2021-10-30 18:20:00.000,2,"3",M31SI,242309.3,1.0
2021-10-30 03:45:00.000,2,"3",M31SI,243948.48,1.0
2021-10-29 04:20:00.000,2,"3",M31SI,19699.486,0.33333334
2021-10-31 17:20:00.000,2,"3",M31SI,185241.1,1.0
2021-10-26 18:55:00.000,2,"3",M31SI,151445.0,1.0
2021-10-31 23:40:00.000,2,"3",M31SI,136225.42,1.0
2021-10-29 05:50:00.000,2,"3",M31SI,87801.79,0.21428572
2021-10-29 09:35:00.000,2,"3",M31SI,242578.73,1.0
2021-10-29 01:30:00.000,2,"3",M31SI,242828.0,1.0
2021-10-27 12:35:00.000,2,"3",M31SI,242033.02,1.0
2021-10-31 23:20:00.000,2,"3",M31SI,136740.92,1.4
2021-10-30 13:35:00.000,2,"3",M31SI,161965.28,0.3
2021-10-31 23:55:00.000,2,"3",M31SI,140140.86,0.21428572
2021-10-31 04:35:00.000,2,"3",M31SI,62862.098,0.6
2021-10-31 04:20:00.000,2,"3",M31SI,59520.824,0.8333333
2021-10-28 16:10:00.000,2,"3",M31SI,0.0,0.47368422
2021-10-31 01:35:00.000,2,"3",M31SI,188026.4,1.0
2021-10-30 22:40:00.000,2,"3",M31SI,186073.7,0.0
2021-10-30 12:30:00.000,2,"3",M31SI,189851.73,1.0
2021-10-29 12:15:00.000,2,"3",M31SI,119060.36,1.0
2021-10-30 22:10:00.000,2,"3",M31SI,102223.516,1.0
2021-10-27 05:25:00.000,2,"3",M31SI,232293.0,1.0
2021-10-29 09:30:00.000,2,"3",M31SI,242571.08,1.0
2021-10-28 23:45:00.000,2,"3",M31SI,70867.36,1.2
2021-10-28 07:15:00.000,2,"3",M31SI,244415.6,1.0
2021-10-27 07:35:00.000,2,"3",M31SI,232339.83,1.0
2021-10-31 03:15:00.000,2,"3",M31SI,39987.605,1.7058823
2021-10-31 07:45:00.000,2,"3",M31SI,244131.45,1.0
2021-10-27 15:35:00.000,2,"3",M31SI,244505.16,1.0
2021-10-28 11:25:00.000,2,"3",M31SI,65302.418,1.4
2021-10-30 23:55:00.000,2,"3",M31SI,188656.23,1.0
2021-10-30 14:30:00.000,2,"3",M31SI,243067.19,1.0
2021-10-30 05:55:00.000,2,"3",M31SI,242493.34,1.0
2021-10-29 19:55:00.000,2,"3",M31SI,0.0,0.33333334
2021-10-27 00:05:00.000,2,"3",M31SI,144932.73,1.0
2021-10-26 10:40:00.000,2,"3",M31SI,186085.8,0.53333336
2021-10-31 11:35:00.000,2,"3",M31SI,244613.1,0.21428572
2021-10-30 18:50:00.000,2,"3",M31SI,88353.7,1.0
2021-10-29 08:00:00.000,2,"3",M31SI,243525.2,0.0
2021-10-29 18:15:00.000,2,"3",M31SI,65011.406,0.5714286
2021-10-26 14:35:00.000,2,"3",M31SI,232818.11,1.0
2021-10-29 09:40:00.000,2,"3",M31SI,242580.84,1.0
2021-10-25 21:40:00.000,2,"3",M31SI,77329.44,0.71428573
2021-10-31 04:40:00.000,2,"3",M31SI,0.0,0.3478261
2021-10-30 02:20:00.000,2,"3",M31SI,0.0,1.5714285
2021-10-31 11:15:00.000,2,"3",M31SI,244506.62,0.21428572
2021-10-28 16:40:00.000,2,"3",M31SI,244120.17,1.0
2021-10-28 07:35:00.000,2,"3",M31SI,244452.42,1.0
2021-10-30 14:55:00.000,2,"3",M31SI,243238.88,1.0
2021-10-28 17:50:00.000,2,"3",M31SI,103386.84,1.0
2021-10-28 21:50:00.000,2,"3",M31SI,243476.38,1.0
2021-10-30 19:35:00.000,2,"3",M31SI,188876.67,0.21428572
2021-10-29 23:15:00.000,2,"3",M31SI,95489.02,1.0
2021-10-26 22:30:00.000,2,"3",M31SI,179565.31,1.0
2021-10-30 10:25:00.000,2,"3",M31SI,191107.14,0.21428572
2021-10-29 05:35:00.000,2,"3",M31SI,244309.8,0.21428572
2021-10-26 04:40:00.000,2,"3",M31SI,102821.01,1.0
2021-10-30 05:25:00.000,2,"3",M31SI,100190.48,1.0
2021-10-25 22:35:00.000,2,"3",M31SI,100235.164,0.25
2021-10-28 08:00:00.000,2,"3",M31SI,244454.03,0.5
2021-10-29 16:00:00.000,2,"3",M31SI,243918.02,1.0
2021-10-30 21:00:00.000,2,"3",M31SI,187863.03,0.21428572
2021-10-28 03:15:00.000,2,"3",M31SI,243515.19,0.21428572
2021-10-27 20:45:00.000,2,"3",M31SI,243301.69,1.0
2021-10-28 23:25:00.000,2,"3",M31SI,105582.305,2.096774
2021-10-31 05:15:00.000,2,"3",M31SI,244774.12,1.0
2021-10-30 01:50:00.000,2,"3",M31SI,244500.8,1.0
2021-10-26 07:55:00.000,2,"3",M31SI,79503.36,1.0
2021-10-26 06:25:00.000,2,"3",M31SI,139254.73,0.875
2021-10-28 08:45:00.000,2,"3",M31SI,243703.84,1.0
2021-10-28 03:35:00.000,2,"3",M31SI,243570.14,0.21428572
2021-10-27 01:35:00.000,2,"3",M31SI,192945.62,1.0
2021-10-28 10:25:00.000,2,"3",M31SI,193493.34,0.21428572
2021-10-27 02:50:00.000,2,"3",M31SI,177561.94,1.0
2021-10-26 16:25:00.000,2,"3",M31SI,232445.4,1.0
2021-10-29 14:40:00.000,2,"3",M31SI,243702.94,1.0
2021-10-26 23:35:00.000,2,"3",M31SI,109589.92,1.3333334
2021-10-26 22:25:00.000,2,"3",M31SI,188055.02,1.0
2021-10-31 17:30:00.000,2,"3",M31SI,234318.94,1.0
2021-10-30 08:30:00.000,2,"3",M31SI,162327.58,0.21428572
2021-10-25 21:25:00.000,2,"3",M31SI,66030.84,1.3333334
2021-10-31 09:15:00.000,2,"3",M31SI,188036.12,0.3529412
2021-10-28 15:45:00.000,2,"3",M31SI,138499.48,1.9285715
2021-10-27 23:30:00.000,2,"3",M31SI,107573.34,0.27272728
2021-10-27 13:15:00.000,2,"3",M31SI,242056.97,1.0
2021-10-28 22:45:00.000,2,"3",M31SI,243435.06,0.21428572
2021-10-28 09:30:00.000,2,"3",M31SI,243751.44,1.0
2021-10-28 12:05:00.000,2,"3",M31SI,244259.12,0.6363636
2021-10-27 19:00:00.000,2,"3",M31SI,240991.34,1.0
2021-10-31 07:30:00.000,2,"3",M31SI,244072.25,1.0
2021-10-25 21:05:00.000,2,"3",M31SI,60190.902,1.0
2021-10-29 12:35:00.000,2,"3",M31SI,241639.48,1.0
2021-10-31 22:30:00.000,2,"3",M31SI,64733.96,0.2777778
2021-10-30 20:00:00.000,2,"3",M31SI,187071.03,0.21428572
2021-10-29 04:25:00.000,2,"3",M31SI,36208.418,0.47058824
2021-10-27 21:35:00.000,2,"3",M31SI,55053.062,0.2857143
2021-10-30 10:15:00.000,2,"3",M31SI,118192.984,0.2
2021-10-29 14:10:00.000,2,"3",M31SI,59809.83,1.0
2021-10-31 08:30:00.000,2,"3",M31SI,241849.55,0.5714286
2021-10-26 20:45:00.000,2,"3",M31SI,149222.48,1.0
2021-10-25 23:40:00.000,2,"3",M31SI,123527.44,0.875
2021-10-30 01:00:00.000,2,"3",M31SI,244466.06,1.0
2021-10-29 06:30:00.000,2,"3",M31SI,242822.11,0.21428572
2021-10-31 14:50:00.000,2,"3",M31SI,140693.47,0.21428572
2021-10-26 19:20:00.000,2,"3",M31SI,185154.7,1.0
2021-10-27 19:15:00.000,2,"3",M31SI,70284.55,1.3333334
2021-10-30 16:50:00.000,2,"3",M31SI,244758.58,1.0
2021-10-27 10:00:00.000,2,"3",M31SI,232428.19,1.0
2021-10-30 12:20:00.000,2,"3",M31SI,92272.484,1.0
2021-10-28 19:25:00.000,2,"3",M31SI,245035.81,0.9230769
2021-10-29 10:20:00.000,2,"3",M31SI,144406.12,0.21428572
2021-10-26 11:10:00.000,2,"3",M31SI,104170.71,0.6666667
2021-10-27 13:00:00.000,2,"3",M31SI,242041.14,1.0
2021-10-31 09:55:00.000,2,"3",M31SI,243698.28,0.4
2021-10-31 18:50:00.000,2,"3",M31SI,115881.04,1.0
2021-10-30 23:15:00.000,2,"3",M31SI,144005.11,1.0
2021-10-29 08:15:00.000,2,"3",M31SI,108082.78,1.0
2021-10-30 17:35:00.000,2,"3",M31SI,92297.23,1.2
2021-10-26 05:40:00.000,2,"3",M31SI,79501.22,0.8235294
2021-10-27 04:55:00.000,2,"3",M31SI,232174.89,1.0
2021-10-27 23:05:00.000,2,"3",M31SI,35079.223,1.5294118
2021-10-31 00:55:00.000,2,"3",M31SI,239752.3,0.25
2021-10-27 06:55:00.000,2,"3",M31SI,232308.05,1.0
2021-10-29 06:20:00.000,2,"3",M31SI,98036.73,0.21428572
2021-10-30 11:10:00.000,2,"3",M31SI,239968.72,0.21428572
2021-10-29 15:30:00.000,2,"3",M31SI,243909.0,1.0
2021-10-31 15:20:00.000,2,"3",M31SI,245691.34,0.21428572
2021-10-28 22:30:00.000,2,"3",M31SI,189521.55,0.2
2021-10-30 21:50:00.000,2,"3",M31SI,116869.22,1.0
2021-10-27 04:05:00.000,2,"3",M31SI,230909.47,1.0
2021-10-27 08:35:00.000,2,"3",M31SI,232418.95,1.0
2021-10-31 04:10:00.000,2,"3",M31SI,119719.39,0.75
2021-10-31 06:10:00.000,2,"3",M31SI,78895.12,0.44
2021-10-28 06:30:00.000,2,"3",M31SI,192503.78,1.0
2021-10-28 06:20:00.000,2,"3",M31SI,149169.2,1.0
2021-10-31 12:00:00.000,2,"3",M31SI,244718.16,1.0
2021-10-31 09:25:00.000,2,"3",M31SI,111834.52,0.21428572
2021-10-31 05:50:00.000,2,"3",M31SI,107467.12,1.0
2021-10-26 19:50:00.000,2,"3",M31SI,189974.95,1.0
2021-10-30 09:00:00.000,2,"3",M31SI,241511.97,0.21428572
2021-10-26 00:25:00.000,2,"3",M31SI,79457.164,0.2777778
2021-10-30 07:00:00.000,2,"3",M31SI,242795.11,1.0
2021-10-26 21:35:00.000,2,"3",M31SI,184696.02,1.0
2021-10-30 13:25:00.000,2,"3",M31SI,240062.42,1.0
2021-10-27 14:35:00.000,2,"3",M31SI,100969.53,1.0
2021-10-28 02:30:00.000,2,"3",M31SI,97410.33,0.21428572
2021-10-27 03:50:00.000,2,"3",M31SI,229072.97,1.0
2021-10-26 11:05:00.000,2,"3",M31SI,136069.58,0.5
2021-10-31 20:45:00.000,2,"3",M31SI,85006.6,0.8333333
2021-10-30 18:25:00.000,2,"3",M31SI,242263.62,1.0
2021-10-29 03:45:00.000,2,"3",M31SI,243831.34,0.21428572
2021-10-31 11:10:00.000,2,"3",M31SI,244446.52,0.21428572
2021-10-31 19:25:00.000,2,"3",M31SI,185380.84,1.0
2021-10-29 08:50:00.000,2,"3",M31SI,242471.98,1.0
2021-10-26 18:45:00.000,2,"3",M31SI,178696.31,1.0
2021-10-31 07:40:00.000,2,"3",M31SI,244120.66,1.0
2021-10-28 11:20:00.000,2,"3",M31SI,0.0,1.0
2021-10-26 13:35:00.000,2,"3",M31SI,192300.22,1.0
2021-10-27 14:20:00.000,2,"3",M31SI,242061.05,1.0
2021-10-29 15:05:00.000,2,"3",M31SI,243866.55,1.0
2021-10-29 03:50:00.000,2,"3",M31SI,243849.83,0.21428572
2021-10-30 19:55:00.000,2,"3",M31SI,187184.47,0.21428572
2021-10-31 19:40:00.000,2,"3",M31SI,194406.25,1.0
2021-10-27 21:40:00.000,2,"3",M31SI,67636.695,0.2857143
2021-10-27 13:45:00.000,2,"3",M31SI,242055.5,1.0
2021-10-27 22:30:00.000,2,"3",M31SI,107866.41,0.21428572
2021-10-29 11:10:00.000,2,"3",M31SI,99241.43,1.0
2021-10-26 06:10:00.000,2,"3",M31SI,79501.44,1.3076923
2021-10-28 03:30:00.000,2,"3",M31SI,243566.64,0.21428572
2021-10-28 14:50:00.000,2,"3",M31SI,30110.412,1.6666666
2021-10-30 00:25:00.000,2,"3",M31SI,141168.61,1.0
2021-10-29 12:20:00.000,2,"3",M31SI,97563.016,1.0
2021-10-28 03:55:00.000,2,"3",M31SI,101660.31,0.21428572
2021-10-29 13:15:00.000,2,"3",M31SI,241918.1,1.0
2021-10-30 02:15:00.000,2,"3",M31SI,65396.82,1.2777778
2021-10-26 08:10:00.000,2,"3",M31SI,139096.81,0.6666667
2021-10-26 11:30:00.000,2,"3",M31SI,159695.7,0.9230769
2021-10-29 19:35:00.000,2,"3",M31SI,89151.055,0.21428572
2021-10-31 10:40:00.000,2,"3",M31SI,100527.695,0.21428572
2021-10-30 15:15:00.000,2,"3",M31SI,243255.72,1.0
2021-10-26 12:10:00.000,2,"3",M31SI,131962.75,1.0
2021-10-26 10:30:00.000,2,"3",M31SI,187522.34,1.0
2021-10-26 05:05:00.000,2,"3",M31SI,189115.22,0.6666667
2021-10-31 19:20:00.000,2,"3",M31SI,185224.9,1.0
2021-10-31 02:25:00.000,2,"3",M31SI,96023.875,1.0
2021-10-29 17:25:00.000,2,"3",M31SI,244109.05,0.0
2021-10-30 00:55:00.000,2,"3",M31SI,244471.73,1.0
2021-10-31 07:55:00.000,2,"3",M31SI,244135.14,1.0
2021-10-29 07:40:00.000,2,"3",M31SI,243531.23,0.75
2021-10-30 18:05:00.000,2,"3",M31SI,89152.805,1.0
2021-10-31 15:15:00.000,2,"3",M31SI,245675.08,0.21428572
2021-10-28 20:40:00.000,2,"3",M31SI,190154.36,0.21428572
2021-10-30 19:05:00.000,2,"3",M31SI,70431.1,0.5714286
2021-10-28 06:50:00.000,2,"3",M31SI,244443.78,1.0
2021-10-28 02:05:00.000,2,"3",M31SI,244600.92,2.1176472
2021-10-27 02:25:00.000,2,"3",M31SI,158454.33,1.3333334
2021-10-27 08:25:00.000,2,"3",M31SI,232416.33,1.0
2021-10-26 16:15:00.000,2,"3",M31SI,232519.16,1.0
2021-10-28 05:55:00.000,2,"3",M31SI,105929.64,0.875
2021-10-29 22:55:00.000,2,"3",M31SI,195211.06,0.3809524
2021-10-29 04:55:00.000,2,"3",M31SI,243945.2,0.21428572
2021-10-29 18:25:00.000,2,"3",M31SI,141142.61,0.85714287
2021-10-28 02:45:00.000,2,"3",M31SI,243093.69,0.21428572
2021-10-28 14:40:00.000,2,"3",M31SI,102910.51,1.0
2021-10-26 05:55:00.000,2,"3",M31SI,95144.41,0.71428573
2021-10-26 15:05:00.000,2,"3",M31SI,232767.19,1.0
2021-10-26 03:55:00.000,2,"3",M31SI,152538.14,1.1
2021-10-31 08:10:00.000,2,"3",M31SI,99151.61,0.75
2021-10-27 13:50:00.000,2,"3",M31SI,242058.86,1.0
2021-10-30 10:45:00.000,2,"3",M31SI,239938.34,0.21428572
2021-10-30 05:35:00.000,2,"3",M31SI,241910.25,1.0
2021-10-29 06:00:00.000,2,"3",M31SI,92262.695,0.21428572
2021-10-27 17:25:00.000,2,"3",M31SI,244521.45,1.0
2021-10-31 14:45:00.000,2,"3",M31SI,96692.64,0.21428572
2021-10-30 20:45:00.000,2,"3",M31SI,188619.19,0.2
2021-10-30 18:15:00.000,2,"3",M31SI,243959.39,1.0
2021-10-29 16:30:00.000,2,"3",M31SI,201023.55,0.21428572
2021-10-28 10:40:00.000,2,"3",M31SI,198870.39,0.21428572
2021-10-27 19:40:00.000,2,"3",M31SI,87877.125,1.0
2021-10-31 06:15:00.000,2,"3",M31SI,106894.91,0.0
2021-10-28 06:35:00.000,2,"3",M31SI,243823.3,1.0
2021-10-27 07:55:00.000,2,"3",M31SI,232400.6,1.0
2021-10-31 00:35:00.000,2,"3",M31SI,86618.586,1.0
2021-10-29 01:50:00.000,2,"3",M31SI,242872.53,1.0
2021-10-31 15:45:00.000,2,"3",M31SI,245657.6,0.21428572
2021-10-30 23:00:00.000,2,"3",M31SI,67435.42,1.3333334
2021-10-29 20:35:00.000,2,"3",M31SI,89819.96,1.0
2021-10-31 01:25:00.000,2,"3",M31SI,137516.92,1.0
2021-10-29 14:55:00.000,2,"3",M31SI,243839.12,1.0
2021-10-27 21:10:00.000,2,"3",M31SI,243428.25,1.0
2021-10-27 05:15:00.000,2,"3",M31SI,232261.78,1.0
2021-10-31 13:25:00.000,2,"3",M31SI,242083.45,1.0
2021-10-28 18:50:00.000,2,"3",M31SI,244851.06,0.21428572
2021-10-31 03:25:00.000,2,"3",M31SI,112993.95,0.23076923
2021-10-29 00:00:00.000,2,"3",M31SI,40555.777,1.1111112
2021-10-27 07:30:00.000,2,"3",M31SI,232329.4,1.0
2021-10-30 07:45:00.000,2,"3",M31SI,241628.77,1.0
2021-10-29 07:45:00.000,2,"3",M31SI,243527.34,1.0
2021-10-27 16:45:00.000,2,"3",M31SI,244528.73,1.0
2021-10-29 12:10:00.000,2,"3",M31SI,0.0,1.5
2021-10-29 00:55:00.000,2,"3",M31SI,242827.39,1.0
2021-10-28 14:30:00.000,2,"3",M31SI,102301.91,1.7142857
2021-10-29 01:55:00.000,2,"3",M31SI,242873.23,1.0
2021-10-29 19:00:00.000,2,"3",M31SI,113259.71,0.5
2021-10-30 10:00:00.000,2,"3",M31SI,241594.78,0.21428572
2021-10-29 10:50:00.000,2,"3",M31SI,242747.77,0.21428572
2021-10-29 04:10:00.000,2,"3",M31SI,56462.652,1.55
2021-10-31 21:40:00.000,2,"3",M31SI,144442.83,1.0
2021-10-31 11:50:00.000,2,"3",M31SI,244682.75,1.0
2021-10-31 16:50:00.000,2,"3",M31SI,235035.28,1.0
2021-10-26 02:35:00.000,2,"3",M31SI,196060.28,0.9230769
2021-10-28 08:20:00.000,2,"3",M31SI,195120.55,1.0
2021-10-26 02:55:00.000,2,"3",M31SI,140711.0,0.8947368
2021-10-26 15:45:00.000,2,"3",M31SI,232694.06,1.0
2021-10-27 18:05:00.000,2,"3",M31SI,243901.92,1.25
2021-10-31 02:05:00.000,2,"3",M31SI,79768.43,0.72727275
2021-10-30 09:15:00.000,2,"3",M31SI,241553.45,0.21428572
2021-10-30 07:35:00.000,2,"3",M31SI,97171.47,0.21428572
2021-10-27 13:05:00.000,2,"3",M31SI,242046.16,1.0
2021-10-31 18:25:00.000,2,"3",M31SI,0.0,0.45
2021-10-31 16:30:00.000,2,"3",M31SI,88878.65,1.0
2021-10-31 16:55:00.000,2,"3",M31SI,236876.83,1.0
2021-10-30 01:10:00.000,2,"3",M31SI,244464.28,1.0
2021-10-27 05:50:00.000,2,"3",M31SI,232361.39,1.0
2021-10-27 05:35:00.000,2,"3",M31SI,232347.34,1.0
2021-10-25 22:50:00.000,2,"3",M31SI,78731.46,1.0
2021-10-31 21:35:00.000,2,"3",M31SI,86692.92,1.0
2021-10-31 13:30:00.000,2,"3",M31SI,242121.92,1.0
2021-10-29 12:00:00.000,2,"3",M31SI,242137.67,0.21428572
2021-10-28 00:40:00.000,2,"3",M31SI,0.0,1.0
2021-10-25 22:20:00.000,2,"3",M31SI,86235.29,1.0
2021-10-29 11:05:00.000,2,"3",M31SI,103546.95,1.0
2021-10-28 22:00:00.000,2,"3",M31SI,243560.55,1.0
2021-10-27 06:00:00.000,2,"3",M31SI,232344.75,1.0
2021-10-30 13:50:00.000,2,"3",M31SI,161988.64,1.0
2021-10-29 05:15:00.000,2,"3",M31SI,244220.92,0.21428572
2021-10-30 01:45:00.000,2,"3",M31SI,244500.17,1.0
2021-10-26 06:55:00.000,2,"3",M31SI,140459.33,1.0
2021-10-31 05:35:00.000,2,"3",M31SI,245357.28,1.3333334
2021-10-26 04:10:00.000,2,"3",M31SI,138191.66,1.0
2021-10-30 18:40:00.000,2,"3",M31SI,103746.75,1.0
2021-10-27 19:25:00.000,2,"3",M31SI,0.0,2.0
2021-10-26 15:40:00.000,2,"3",M31SI,232759.5,1.0
2021-10-26 03:05:00.000,2,"3",M31SI,79496.125,1.0
2021-10-28 07:45:00.000,2,"3",M31SI,244452.17,1.0
2021-10-27 17:20:00.000,2,"3",M31SI,244520.88,1.0
2021-10-31 09:45:00.000,2,"3",M31SI,243427.55,0.21428572
2021-10-28 09:25:00.000,2,"3",M31SI,243750.8,1.0
2021-10-31 21:25:00.000,2,"3",M31SI,98188.086,1.0
2021-10-29 18:30:00.000,2,"3",M31SI,193455.4,1.0
2021-10-31 16:40:00.000,2,"3",M31SI,230206.16,1.0
2021-10-28 20:50:00.000,2,"3",M31SI,241350.48,0.2
2021-10-28 18:55:00.000,2,"3",M31SI,244987.31,0.21428572
2021-10-31 17:10:00.000,2,"3",M31SI,189564.88,1.0
2021-10-27 06:45:00.000,2,"3",M31SI,232320.3,1.0
2021-10-28 04:40:00.000,2,"3",M31SI,244389.39,1.0
2021-10-26 23:10:00.000,2,"3",M31SI,79207.85,1.6666666
2021-10-26 07:10:00.000,2,"3",M31SI,149231.73,1.0
2021-10-26 22:45:00.000,2,"3",M31SI,148382.48,1.3333334
2021-10-27 10:55:00.000,2,"3",M31SI,187702.5,1.0
2021-10-31 06:45:00.000,2,"3",M31SI,159865.58,1.3333334
2021-10-29 14:20:00.000,2,"3",M31SI,92420.555,1.0
2021-10-28 01:15:00.000,2,"3",M31SI,97700.51,1.2941177
2021-10-29 22:30:00.000,2,"3",M31SI,0.0,0.4
2021-10-30 05:50:00.000,2,"3",M31SI,242543.23,1.0
2021-10-28 00:55:00.000,2,"3",M31SI,98677.555,1.0
2021-10-27 17:10:00.000,2,"3",M31SI,244525.19,1.0
2021-10-31 13:40:00.000,2,"3",M31SI,194384.14,1.3076923
2021-10-31 00:20:00.000,2,"3",M31SI,79338.195,1.4
2021-10-30 16:55:00.000,2,"3",M31SI,244759.58,1.0
2021-10-26 10:15:00.000,2,"3",M31SI,142956.98,1.0
2021-10-31 07:50:00.000,2,"3",M31SI,244149.53,1.0
2021-10-31 10:10:00.000,2,"3",M31SI,0.0,0.85714287
2021-10-31 20:50:00.000,2,"3",M31SI,97964.266,0.6
2021-10-29 13:55:00.000,2,"3",M31SI,241947.86,1.0
2021-10-29 09:55:00.000,2,"3",M31SI,242604.72,1.0
2021-10-28 15:15:00.000,2,"3",M31SI,148811.66,0.21428572
2021-10-25 23:50:00.000,2,"3",M31SI,156447.34,1.55
2021-10-27 23:10:00.000,2,"3",M31SI,0.0,0.45
2021-10-27 07:50:00.000,2,"3",M31SI,232389.38,1.0
2021-10-26 06:30:00.000,2,"3",M31SI,142701.08,1.3529412
2021-10-28 23:40:00.000,2,"3",M31SI,0.0,1.0
2021-10-28 10:30:00.000,2,"3",M31SI,243726.11,0.2777778
2021-10-26 13:30:00.000,2,"3",M31SI,152297.06,1.3333334
2021-10-28 19:10:00.000,2,"3",M31SI,245030.69,1.0
2021-10-29 17:15:00.000,2,"3",M31SI,91318.54,1.0
2021-10-31 22:05:00.000,2,"3",M31SI,47124.18,1.3333334
2021-10-29 14:35:00.000,2,"3",M31SI,243625.83,1.0
2021-10-27 13:20:00.000,2,"3",M31SI,242059.58,1.0
2021-10-27 16:55:00.000,2,"3",M31SI,244523.53,1.0
2021-10-26 13:15:00.000,2,"3",M31SI,151253.08,1.3333334
2021-10-29 07:15:00.000,2,"3",M31SI,243541.03,0.21428572
2021-10-28 17:30:00.000,2,"3",M31SI,244426.78,1.0
2021-10-28 19:15:00.000,2,"3",M31SI,245028.36,1.0
2021-10-29 06:50:00.000,2,"3",M31SI,243472.12,0.21428572
2021-10-30 22:00:00.000,2,"3",M31SI,95882.72,0.71428573
2021-10-27 19:05:00.000,2,"3",M31SI,241486.64,1.5
2021-10-28 09:20:00.000,2,"3",M31SI,243749.97,1.0
2021-10-31 05:25:00.000,2,"3",M31SI,245190.22,1.0
2021-10-31 22:50:00.000,2,"3",M31SI,64506.016,1.3333334
2021-10-29 23:55:00.000,2,"3",M31SI,106786.1,1.0
2021-10-30 03:25:00.000,2,"3",M31SI,191274.25,1.0
2021-10-26 00:00:00.000,2,"3",M31SI,79437.35,1.6666666
2021-10-26 23:30:00.000,2,"3",M31SI,117552.37,1.3333334
2021-10-31 16:45:00.000,2,"3",M31SI,236098.77,1.0
2021-10-30 19:30:00.000,2,"3",M31SI,189808.19,0.23076923
2021-10-31 06:40:00.000,2,"3",M31SI,58793.426,0.6666667
2021-10-30 05:05:00.000,2,"3",M31SI,140604.67,0.25
2021-10-30 19:00:00.000,2,"3",M31SI,188948.95,1.6153846
2021-10-28 13:40:00.000,2,"3",M31SI,244083.05,1.0
2021-10-28 03:25:00.000,2,"3",M31SI,243548.4,0.21428572
2021-10-27 23:20:00.000,2,"3",M31SI,69328.195,0.94736844
2021-10-28 11:15:00.000,2,"3",M31SI,100980.58,1.8461539
2021-10-30 13:30:00.000,2,"3",M31SI,240066.05,0.5714286
2021-10-28 10:15:00.000,2,"3",M31SI,200012.38,0.2
2021-10-28 21:40:00.000,2,"3",M31SI,243369.3,1.0
2021-10-28 00:45:00.000,2,"3",M31SI,0.0,2.0
2021-10-27 16:40:00.000,2,"3",M31SI,244533.47,1.0
2021-10-27 10:30:00.000,2,"3",M31SI,232291.69,1.0
2021-10-28 09:40:00.000,2,"3",M31SI,243762.11,1.0
2021-10-29 23:40:00.000,2,"3",M31SI,244691.73,0.94736844
2021-10-31 17:05:00.000,2,"3",M31SI,188571.7,0.33333334
2021-10-29 05:25:00.000,2,"3",M31SI,244275.62,0.1875
2021-10-26 00:40:00.000,2,"3",M31SI,126767.11,0.3
2021-10-26 09:05:00.000,2,"3",M31SI,145112.33,0.95
2021-10-30 08:50:00.000,2,"3",M31SI,241448.42,0.21428572
2021-10-31 19:05:00.000,2,"3",M31SI,91818.8,1.0
2021-10-30 18:35:00.000,2,"3",M31SI,68863.7,1.0
2021-10-29 23:25:00.000,2,"3",M31SI,189947.81,1.0
2021-10-31 02:00:00.000,2,"3",M31SI,243613.36,1.0
2021-10-30 06:55:00.000,2,"3",M31SI,242743.44,1.0
2021-10-25 20:35:00.000,2,"3",M31SI,35037.336,0.6
2021-10-31 12:30:00.000,2,"3",M31SI,95842.37,0.21428572
2021-10-27 03:10:00.000,2,"3",M31SI,190301.19,1.0
2021-10-25 22:00:00.000,2,"3",M31SI,89762.37,0.6666667
2021-10-27 03:40:00.000,2,"3",M31SI,183895.62,1.0
2021-10-29 00:50:00.000,2,"3",M31SI,242779.98,1.0
2021-10-31 14:35:00.000,2,"3",M31SI,0.0,0.31578946
2021-10-27 23:25:00.000,2,"3",M31SI,31230.234,0.36363637
2021-10-31 22:45:00.000,2,"3",M31SI,68149.5,1.0
2021-10-29 10:45:00.000,2,"3",M31SI,242701.81,0.21428572
2021-10-25 21:00:00.000,2,"3",M31SI,131182.64,0.88235295
2021-10-26 03:50:00.000,2,"3",M31SI,79497.52,1.0
2021-10-31 17:50:00.000,2,"3",M31SI,144213.98,0.21428572
2021-10-27 17:00:00.000,2,"3",M31SI,244529.53,1.0
2021-10-27 21:00:00.000,2,"3",M31SI,243408.62,1.0
2021-10-30 02:30:00.000,2,"3",M31SI,106097.05,0.7692308
2021-10-27 09:55:00.000,2,"3",M31SI,232451.69,1.0
2021-10-26 21:20:00.000,2,"3",M31SI,149116.38,1.0
2021-10-27 14:00:00.000,2,"3",M31SI,242065.19,1.0
2021-10-30 03:55:00.000,2,"3",M31SI,243969.22,1.0
2021-10-29 21:15:00.000,2,"3",M31SI,244963.86,0.6
2021-10-26 01:45:00.000,2,"3",M31SI,104874.164,1.3333334
2021-10-28 22:05:00.000,2,"3",M31SI,243597.45,1.6111112
2021-10-27 00:15:00.000,2,"3",M31SI,146885.31,1.0
2021-10-29 21:10:00.000,2,"3",M31SI,244926.88,0.1764706
2021-10-30 20:30:00.000,2,"3",M31SI,87239.32,0.21428572
2021-10-30 08:00:00.000,2,"3",M31SI,241935.06,1.0
2021-10-26 00:30:00.000,2,"3",M31SI,113750.914,0.26666668
2021-10-31 03:40:00.000,2,"3",M31SI,189572.45,0.9375
2021-10-28 00:35:00.000,2,"3",M31SI,101221.266,1.5294118
2021-10-31 11:40:00.000,2,"3",M31SI,244650.3,0.21428572
2021-10-28 18:10:00.000,2,"3",M31SI,47094.38,0.0
2021-10-30 11:20:00.000,2,"3",M31SI,239970.6,0.21428572
2021-10-29 18:50:00.000,2,"3",M31SI,80137.59,0.94736844
2021-10-31 09:40:00.000,2,"3",M31SI,243287.45,0.21428572
2021-10-28 18:40:00.000,2,"3",M31SI,244019.42,0.2
2021-10-30 22:50:00.000,2,"3",M31SI,0.0,2.3255813
2021-10-30 11:05:00.000,2,"3",M31SI,239942.9,0.21428572
2021-10-28 04:05:00.000,2,"3",M31SI,139182.66,1.6
2021-10-30 01:15:00.000,2,"3",M31SI,244454.31,1.0
2021-10-26 22:35:00.000,2,"3",M31SI,148493.1,1.3333334
2021-10-29 22:20:00.000,2,"3",M31SI,98985.945,0.2
2021-10-27 04:15:00.000,2,"3",M31SI,231451.64,1.0
2021-10-28 01:50:00.000,2,"3",M31SI,244286.61,1.0
2021-10-25 23:45:00.000,2,"3",M31SI,79428.45,1.1818181
2021-10-28 23:10:00.000,2,"3",M31SI,243349.31,0.14285715
2021-10-29 14:25:00.000,2,"3",M31SI,86746.82,1.0
2021-10-30 16:25:00.000,2,"3",M31SI,244743.28,0.21428572
2021-10-27 16:25:00.000,2,"3",M31SI,244500.48,1.0
2021-10-26 03:40:00.000,2,"3",M31SI,196873.33,1.6153846
2021-10-27 01:15:00.000,2,"3",M31SI,192233.25,1.0
2021-10-31 10:35:00.000,2,"3",M31SI,84956.695,0.1875
2021-10-25 20:30:00.000,2,"3",M31SI,21676.828,0.85714287
2021-10-30 13:45:00.000,2,"3",M31SI,194407.33,0.7058824
2021-10-28 18:45:00.000,2,"3",M31SI,244619.08,0.2
2021-10-26 07:15:00.000,2,"3",M31SI,140722.95,1.0
2021-10-28 08:05:00.000,2,"3",M31SI,244466.36,0.8888889
2021-10-29 16:50:00.000,2,"3",M31SI,0.0,0.45833334
2021-10-27 02:10:00.000,2,"3",M31SI,197079.45,1.0
2021-10-27 10:35:00.000,2,"3",M31SI,232269.19,1.0
2021-10-31 12:05:00.000,2,"3",M31SI,244701.28,1.0
2021-10-28 13:35:00.000,2,"3",M31SI,244063.97,1.0
2021-10-27 07:00:00.000,2,"3",M31SI,232304.08,1.0
2021-10-29 01:45:00.000,2,"3",M31SI,242866.77,1.0
2021-10-26 01:40:00.000,2,"3",M31SI,79487.72,0.625
2021-10-31 07:10:00.000,2,"3",M31SI,188590.66,1.0
2021-10-28 05:05:00.000,2,"3",M31SI,244638.94,2.612903
2021-10-29 11:15:00.000,2,"3",M31SI,140643.81,1.0
2021-10-29 10:40:00.000,2,"3",M31SI,242698.1,0.21428572
2021-10-26 12:00:00.000,2,"3",M31SI,139239.95,1.4761904
2021-10-28 02:35:00.000,2,"3",M31SI,90426.67,0.21428572
2021-10-28 08:30:00.000,2,"3",M31SI,243575.14,1.0
2021-10-26 02:30:00.000,2,"3",M31SI,159515.78,0.75
2021-10-29 16:10:00.000,2,"3",M31SI,243912.69,1.0
2021-10-30 22:15:00.000,2,"3",M31SI,103255.984,1.0
2021-10-28 05:40:00.000,2,"3",M31SI,69167.35,2.4705882
2021-10-28 14:45:00.000,2,"3",M31SI,92887.48,1.2666667
2021-10-26 06:20:00.000,2,"3",M31SI,150767.19,1.0
2021-10-29 17:05:00.000,2,"3",M31SI,116760.61,1.0
2021-10-27 08:05:00.000,2,"3",M31SI,232411.92,1.0
2021-10-26 14:20:00.000,2,"3",M31SI,232799.16,1.0
2021-10-29 22:15:00.000,2,"3",M31SI,104217.305,0.1764706
2021-10-30 05:10:00.000,2,"3",M31SI,190392.03,1.882353
2021-10-27 05:30:00.000,2,"3",M31SI,232302.8,1.0
2021-10-26 08:45:00.000,2,"3",M31SI,79504.164,1.6666666
2021-10-28 12:25:00.000,2,"3",M31SI,191248.8,1.0
2021-10-25 20:55:00.000,2,"3",M31SI,134568.55,1.0
2021-10-31 15:30:00.000,2,"3",M31SI,245660.73,0.21428572
2021-10-27 18:35:00.000,2,"3",M31SI,189841.66,1.0
2021-10-30 04:05:00.000,2,"3",M31SI,243969.1,1.2352941
2021-10-26 01:15:00.000,2,"3",M31SI,114059.75,1.3333334
2021-10-28 07:40:00.000,2,"3",M31SI,244448.05,1.0
2021-10-29 00:30:00.000,2,"3",M31SI,242306.44,1.0
2021-10-26 12:50:00.000,2,"3",M31SI,109285.16,1.3333334
2021-10-27 14:45:00.000,2,"3",M31SI,86662.61,1.0
2021-10-28 01:40:00.000,2,"3",M31SI,142625.02,0.71428573
2021-10-30 06:00:00.000,2,"3",M31SI,242501.0,1.0
2021-10-26 02:25:00.000,2,"3",M31SI,108296.99,1.3333334
2021-10-31 17:40:00.000,2,"3",M31SI,109704.06,0.2857143
2021-10-28 17:55:00.000,2,"3",M31SI,93073.83,1.0
2021-10-28 10:00:00.000,2,"3",M31SI,243772.39,1.0
2021-10-26 05:15:00.000,2,"3",M31SI,137469.58,1.6875
2021-10-30 12:35:00.000,2,"3",M31SI,239739.7,1.0
2021-10-29 23:20:00.000,2,"3",M31SI,89683.54,1.0
2021-10-26 09:25:00.000,2,"3",M31SI,138587.08,0.21428572
2021-10-31 06:20:00.000,2,"3",M31SI,95346.11,2.4
2021-10-29 20:05:00.000,2,"3",M31SI,0.0,1.5
2021-10-31 15:40:00.000,2,"3",M31SI,245673.98,0.21428572
2021-10-29 12:30:00.000,2,"3",M31SI,241278.11,1.0
2021-10-26 21:45:00.000,2,"3",M31SI,148907.27,1.0
2021-10-26 01:30:00.000,2,"3",M31SI,183046.33,0.8666667
2021-10-30 04:35:00.000,2,"3",M31SI,242003.98,1.0
2021-10-31 14:40:00.000,2,"3",M31SI,110402.74,0.2
2021-10-26 07:30:00.000,2,"3",M31SI,187577.42,1.0
2021-10-28 04:25:00.000,2,"3",M31SI,92599.41,1.0
2021-10-27 15:25:00.000,2,"3",M31SI,244506.81,1.0
2021-10-25 23:30:00.000,2,"3",M31SI,118770.88,1.0714285
2021-10-31 10:05:00.000,2,"3",M31SI,150202.42,2.0625
2021-10-28 09:35:00.000,2,"3",M31SI,243755.58,1.0
2021-10-27 08:40:00.000,2,"3",M31SI,232426.97,1.0
2021-10-26 13:50:00.000,2,"3",M31SI,181227.17,1.0
2021-10-30 21:55:00.000,2,"3",M31SI,102953.25,1.0
2021-10-27 22:10:00.000,2,"3",M31SI,102582.44,0.8
2021-10-28 12:15:00.000,2,"3",M31SI,197479.23,1.0
2021-10-27 15:15:00.000,2,"3",M31SI,244505.03,1.0
2021-10-28 11:50:00.000,2,"3",M31SI,87584.75,1.0
2021-10-26 23:05:00.000,2,"3",M31SI,112215.2,1.3333334
2021-10-26 13:40:00.000,2,"3",M31SI,185163.22,1.0
2021-10-28 16:35:00.000,2,"3",M31SI,243655.5,1.0
2021-10-28 07:10:00.000,2,"3",M31SI,244418.3,1.0
2021-10-28 04:10:00.000,2,"3",M31SI,0.0,1.125
2021-10-28 16:30:00.000,2,"3",M31SI,87911.86,1.0
2021-10-29 05:40:00.000,2,"3",M31SI,244293.75,0.21428572
2021-10-28 00:00:00.000,2,"3",M31SI,62896.01,0.7
2021-10-27 11:55:00.000,2,"3",M31SI,242015.5,1.0
2021-10-26 17:05:00.000,2,"3",M31SI,232279.44,1.0
2021-10-31 18:40:00.000,2,"3",M31SI,92930.61,0.0
2021-10-27 08:55:00.000,2,"3",M31SI,232458.2,1.0
2021-10-30 08:55:00.000,2,"3",M31SI,241489.16,0.21428572
2021-10-28 00:10:00.000,2,"3",M31SI,77683.72,1.9285715
2021-10-31 01:15:00.000,2,"3",M31SI,101547.51,1.0
2021-10-30 14:05:00.000,2,"3",M31SI,0.0,1.2857143
2021-10-27 23:45:00.000,2,"3",M31SI,98613.72,0.79591835
2021-10-26 03:45:00.000,2,"3",M31SI,79503.234,1.0
2021-10-26 19:45:00.000,2,"3",M31SI,151052.66,1.0
2021-10-28 06:05:00.000,2,"3",M31SI,111993.78,1.0
2021-10-29 07:55:00.000,2,"3",M31SI,243529.7,1.0
2021-10-31 18:55:00.000,2,"3",M31SI,89855.63,1.0
2021-10-30 02:45:00.000,2,"3",M31SI,101535.59,1.0
2021-10-28 02:00:00.000,2,"3",M31SI,244550.56,1.0
2021-10-28 08:40:00.000,2,"3",M31SI,243694.56,1.0
2021-10-27 15:10:00.000,2,"3",M31SI,244485.38,1.0
2021-10-27 07:20:00.000,2,"3",M31SI,232305.28,1.0
2021-10-30 04:30:00.000,2,"3",M31SI,140009.5,1.0
2021-10-29 05:55:00.000,2,"3",M31SI,101259.82,0.21428572
2021-10-29 16:40:00.000,2,"3",M31SI,129589.945,1.2352941
2021-10-28 19:20:00.000,2,"3",M31SI,245021.66,1.0
2021-10-25 21:10:00.000,2,"3",M31SI,72905.69,1.0
2021-10-26 07:05:00.000,2,"3",M31SI,115994.9,1.0
2021-10-29 10:30:00.000,2,"3",M31SI,242440.25,0.23076923
2021-10-30 12:10:00.000,2,"3",M31SI,57318.324,1.0
2021-10-27 20:05:00.000,2,"3",M31SI,242349.97,1.0
2021-10-30 14:20:00.000,2,"3",M31SI,88399.14,1.0
2021-10-28 04:15:00.000,2,"3",M31SI,83272.17,1.0
2021-10-27 03:15:00.000,2,"3",M31SI,187886.14,1.0
2021-10-29 17:55:00.000,2,"3",M31SI,143867.92,1.0
2021-10-30 16:20:00.000,2,"3",M31SI,244740.05,0.21428572
2021-10-30 08:40:00.000,2,"3",M31SI,241431.03,0.23529412
2021-10-31 20:15:00.000,2,"3",M31SI,29562.94,0.4117647
2021-10-26 05:50:00.000,2,"3",M31SI,79501.83,1.0
2021-10-25 23:35:00.000,2,"3",M31SI,79382.19,1.0
2021-10-31 13:05:00.000,2,"3",M31SI,241978.44,1.0
2021-10-29 12:05:00.000,2,"3",M31SI,242243.06,1.8947369
2021-10-27 09:50:00.000,2,"3",M31SI,232446.1,1.0
2021-10-29 20:15:00.000,2,"3",M31SI,0.0,0.75
2021-10-31 08:15:00.000,2,"3",M31SI,101148.02,1.0
2021-10-27 14:30:00.000,2,"3",M31SI,89530.71,1.0
2021-10-29 13:25:00.000,2,"3",M31SI,241926.23,1.0
2021-10-25 22:30:00.000,2,"3",M31SI,62500.523,1.0
2021-10-29 03:40:00.000,2,"3",M31SI,243804.52,0.21428572
2021-10-31 18:20:00.000,2,"3",M31SI,172142.5,0.85714287
2021-10-31 06:55:00.000,2,"3",M31SI,194012.19,1.0
2021-10-26 01:00:00.000,2,"3",M31SI,159806.58,1.3333334
2021-10-29 15:45:00.000,2,"3",M31SI,243919.83,1.0
2021-10-31 13:15:00.000,2,"3",M31SI,242058.86,1.0
2021-10-26 23:55:00.000,2,"3",M31SI,79211.04,1.6666666
2021-10-30 16:05:00.000,2,"3",M31SI,244735.47,0.21428572
2021-10-26 20:05:00.000,2,"3",M31SI,183454.95,1.0
2021-10-29 18:05:00.000,2,"3",M31SI,0.0,1.1666666
2021-10-29 04:15:00.000,2,"3",M31SI,0.0,1.8235294
2021-10-27 05:00:00.000,2,"3",M31SI,232206.5,1.0
2021-10-30 20:50:00.000,2,"3",M31SI,188200.11,0.21428572
2021-10-28 15:50:00.000,2,"3",M31SI,0.0,0.85714287
2021-10-31 07:00:00.000,2,"3",M31SI,191380.8,1.0
2021-10-29 14:45:00.000,2,"3",M31SI,243757.19,1.0
2021-10-29 22:05:00.000,2,"3",M31SI,123534.62,1.9411764
2021-10-31 23:35:00.000,2,"3",M31SI,88720.625,0.2
2021-10-25 23:20:00.000,2,"3",M31SI,141767.39,0.5
2021-10-27 21:30:00.000,2,"3",M31SI,78183.79,1.0454545
2021-10-31 18:45:00.000,2,"3",M31SI,85948.22,1.0
2021-10-28 02:10:00.000,2,"3",M31SI,23368.727,1.3333334
2021-10-27 08:10:00.000,2,"3",M31SI,232414.08,1.0
2021-10-26 19:25:00.000,2,"3",M31SI,151247.88,1.3333334
2021-10-28 14:20:00.000,2,"3",M31SI,81086.08,1.7368422
2021-10-31 17:55:00.000,2,"3",M31SI,138595.89,0.42857143
2021-10-27 21:55:00.000,2,"3",M31SI,161316.97,0.2857143
2021-10-26 17:45:00.000,2,"3",M31SI,152108.42,1.0
2021-10-31 03:30:00.000,2,"3",M31SI,96624.3,0.21428572
2021-10-27 12:40:00.000,2,"3",M31SI,242037.45,1.0
2021-10-31 05:20:00.000,2,"3",M31SI,245214.73,1.0
2021-10-28 22:35:00.000,2,"3",M31SI,242945.38,0.21428572
2021-10-28 08:15:00.000,2,"3",M31SI,199446.72,1.0
2021-10-30 06:50:00.000,2,"3",M31SI,242695.45,1.0
2021-10-29 11:50:00.000,2,"3",M31SI,191792.69,0.21428572
2021-10-26 21:15:00.000,2,"3",M31SI,181869.42,1.0
2021-10-30 21:30:00.000,2,"3",M31SI,42705.117,1.2777778
2021-10-28 17:10:00.000,2,"3",M31SI,244422.7,1.0
2021-10-27 01:30:00.000,2,"3",M31SI,196674.11,1.0
2021-10-31 19:15:00.000,2,"3",M31SI,194241.75,1.0
2021-10-26 23:20:00.000,2,"3",M31SI,110195.086,1.3333334
2021-10-26 16:05:00.000,2,"3",M31SI,232583.64,1.0
2021-10-30 12:15:00.000,2,"3",M31SI,104367.375,1.0
2021-10-27 04:35:00.000,2,"3",M31SI,231927.64,1.0
2021-10-27 14:25:00.000,2,"3",M31SI,242063.23,1.0
2021-10-31 13:35:00.000,2,"3",M31SI,242136.69,0.6363636
2021-10-27 19:30:00.000,2,"3",M31SI,107737.12,1.0
2021-10-28 01:35:00.000,2,"3",M31SI,94685.91,1.0
2021-10-27 11:35:00.000,2,"3",M31SI,241989.52,1.0
2021-10-28 22:55:00.000,2,"3",M31SI,243355.67,0.21428572
2021-10-30 15:30:00.000,2,"3",M31SI,82045.02,0.21428572
2021-10-28 20:20:00.000,2,"3",M31SI,79272.05,0.22727273
2021-10-28 09:15:00.000,2,"3",M31SI,243753.28,1.0
2021-10-27 12:45:00.000,2,"3",M31SI,242039.2,1.0
2021-10-31 02:45:00.000,2,"3",M31SI,243288.45,1.0
2021-10-26 07:00:00.000,2,"3",M31SI,187971.6,1.4
2021-10-31 02:55:00.000,2,"3",M31SI,243351.05,1.0
2021-10-26 23:15:00.000,2,"3",M31SI,116350.21,1.3333334
2021-10-28 05:30:00.000,2,"3",M31SI,80266.91,0.3
2021-10-28 21:00:00.000,2,"3",M31SI,242888.95,0.21428572
2021-10-27 10:45:00.000,2,"3",M31SI,232258.17,1.0
2021-10-27 03:25:00.000,2,"3",M31SI,185658.12,1.0
2021-10-30 04:50:00.000,2,"3",M31SI,64804.59,0.6
2021-10-27 11:50:00.000,2,"3",M31SI,242007.86,1.0
2021-10-26 05:00:00.000,2,"3",M31SI,192003.92,1.0
2021-10-28 05:00:00.000,2,"3",M31SI,244616.77,1.0
2021-10-29 10:15:00.000,2,"3",M31SI,152373.95,0.21428572
2021-10-28 06:10:00.000,2,"3",M31SI,154605.83,1.2142857
2021-10-26 19:05:00.000,2,"3",M31SI,182885.61,1.0
2021-10-29 02:10:00.000,2,"3",M31SI,0.0,1.5
2021-10-28 20:00:00.000,2,"3",M31SI,243159.23,0.1875
2021-10-26 21:25:00.000,2,"3",M31SI,186425.28,1.0
2021-10-31 08:00:00.000,2,"3",M31SI,244120.8,0.6666667
2021-10-26 15:50:00.000,2,"3",M31SI,232667.45,1.0
2021-10-31 21:20:00.000,2,"3",M31SI,116502.65,1.0
2021-10-31 19:55:00.000,2,"3",M31SI,152218.25,1.0
2021-10-31 12:15:00.000,2,"3",M31SI,244717.02,1.8461539
2021-10-30 20:55:00.000,2,"3",M31SI,188052.69,0.21428572
2021-10-28 20:45:00.000,2,"3",M31SI,243852.94,0.2
2021-10-26 16:45:00.000,2,"3",M31SI,232344.67,1.0
2021-10-27 00:10:00.000,2,"3",M31SI,134095.34,1.0
2021-10-30 09:10:00.000,2,"3",M31SI,241534.95,0.21428572
2021-10-31 18:30:00.000,2,"3",M31SI,117457.766,0.2
2021-10-27 19:45:00.000,2,"3",M31SI,137063.08,1.0
2021-10-30 17:50:00.000,2,"3",M31SI,0.0,2.0
2021-10-30 06:45:00.000,2,"3",M31SI,242652.03,1.0
2021-10-28 14:00:00.000,2,"3",M31SI,99147.016,1.0
2021-10-27 18:20:00.000,2,"3",M31SI,101254.09,1.0
2021-10-30 21:45:00.000,2,"3",M31SI,96336.336,1.25
2021-10-27 16:10:00.000,2,"3",M31SI,244505.16,1.0
2021-10-30 04:00:00.000,2,"3",M31SI,243975.0,0.5
2021-10-28 19:45:00.000,2,"3",M31SI,88559.875,0.1875
2021-10-30 06:05:00.000,2,"3",M31SI,242545.05,0.9
2021-10-30 19:10:00.000,2,"3",M31SI,103579.27,0.21428572
2021-10-27 00:35:00.000,2,"3",M31SI,147295.0,1.0
2021-10-30 07:10:00.000,2,"3",M31SI,242782.12,1.0
2021-10-29 02:05:00.000,2,"3",M31SI,242871.42,2.1176472
2021-10-26 03:15:00.000,2,"3",M31SI,79497.96,1.0
2021-10-29 12:25:00.000,2,"3",M31SI,143238.47,1.0
2021-10-29 08:35:00.000,2,"3",M31SI,242361.34,1.0
2021-10-26 20:10:00.000,2,"3",M31SI,168360.61,1.0
2021-10-26 14:00:00.000,2,"3",M31SI,232761.69,1.0
2021-10-27 16:20:00.000,2,"3",M31SI,244505.16,1.0
2021-10-28 04:55:00.000,2,"3",M31SI,244581.72,1.0
2021-10-29 19:25:00.000,2,"3",M31SI,102884.664,0.21428572
2021-10-26 18:20:00.000,2,"3",M31SI,151745.16,1.0
2021-10-29 10:55:00.000,2,"3",M31SI,242740.1,0.2
2021-10-28 05:15:00.000,2,"3",M31SI,98840.72,1.0
2021-10-27 20:25:00.000,2,"3",M31SI,243080.44,1.0
2021-10-31 06:35:00.000,2,"3",M31SI,97968.46,0.78571427
2021-10-28 08:10:00.000,2,"3",M31SI,184467.55,1.0
2021-10-29 18:55:00.000,2,"3",M31SI,35523.027,0.625
2021-10-27 19:10:00.000,2,"3",M31SI,13441.665,1.6666666
2021-10-29 23:50:00.000,2,"3",M31SI,35780.316,1.6666666
2021-10-27 06:40:00.000,2,"3",M31SI,232330.47,1.0
2021-10-28 03:50:00.000,2,"3",M31SI,88660.984,0.21428572
2021-10-29 20:40:00.000,2,"3",M31SI,191706.52,0.5714286
2021-10-30 10:50:00.000,2,"3",M31SI,239925.95,0.21428572
2021-10-30 02:35:00.000,2,"3",M31SI,0.0,1.2857143
2021-10-28 10:20:00.000,2,"3",M31SI,195599.03,0.21428572
2021-10-30 01:30:00.000,2,"3",M31SI,244488.75,1.0
2021-10-28 13:10:00.000,2,"3",M31SI,244020.7,1.0
2021-10-30 03:40:00.000,2,"3",M31SI,243938.58,1.0
2021-10-28 12:20:00.000,2,"3",M31SI,193218.72,1.0
2021-10-31 12:55:00.000,2,"3",M31SI,241940.45,1.0
2021-10-30 14:40:00.000,2,"3",M31SI,243233.11,1.0
2021-10-28 22:40:00.000,2,"3",M31SI,243325.58,0.21428572
2021-10-28 21:20:00.000,2,"3",M31SI,243537.48,0.33333334
2021-10-31 08:50:00.000,2,"3",M31SI,62930.91,0.2777778
2021-10-29 20:45:00.000,2,"3",M31SI,244282.66,0.115384616
2021-10-29 09:20:00.000,2,"3",M31SI,242569.38,1.0
2021-10-27 05:20:00.000,2,"3",M31SI,232278.67,1.0
2021-10-31 18:05:00.000,2,"3",M31SI,135094.73,1.0
2021-10-31 09:30:00.000,2,"3",M31SI,96591.62,0.21428572
2021-10-27 15:50:00.000,2,"3",M31SI,244505.16,1.0
2021-10-29 02:20:00.000,2,"3",M31SI,97173.39,1.0
2021-10-31 10:50:00.000,2,"3",M31SI,137683.14,0.21428572
2021-10-29 17:30:00.000,2,"3",M31SI,244446.64,2.5263157
2021-10-28 21:05:00.000,2,"3",M31SI,243128.98,0.21428572
2021-10-30 01:35:00.000,2,"3",M31SI,244491.28,1.0
2021-10-27 16:15:00.000,2,"3",M31SI,244505.16,1.0
2021-10-26 13:10:00.000,2,"3",M31SI,151709.17,1.3333334
2021-10-29 17:10:00.000,2,"3",M31SI,98731.305,1.0
2021-10-28 02:40:00.000,2,"3",M31SI,137662.36,0.21428572
2021-10-30 12:00:00.000,2,"3",M31SI,239985.36,0.21428572
2021-10-30 04:15:00.000,2,"3",M31SI,73249.97,1.1666666
2021-10-27 21:45:00.000,2,"3",M31SI,60859.39,0.2857143
2021-10-31 11:25:00.000,2,"3",M31SI,244531.12,0.21428572
2021-10-30 11:40:00.000,2,"3",M31SI,239982.11,0.21428572
2021-10-29 09:50:00.000,2,"3",M31SI,242597.81,1.0
2021-10-31 05:10:00.000,2,"3",M31SI,141413.7,1.0
2021-10-26 19:55:00.000,2,"3",M31SI,150933.81,1.0
2021-10-27 20:55:00.000,2,"3",M31SI,243401.45,1.0
2021-10-27 07:40:00.000,2,"3",M31SI,232353.5,1.0
2021-10-26 16:00:00.000,2,"3",M31SI,232608.55,1.0
2021-10-26 10:10:00.000,2,"3",M31SI,151902.97,1.0
2021-10-27 17:35:00.000,2,"3",M31SI,244368.02,1.0
2021-10-31 10:55:00.000,2,"3",M31SI,243823.52,0.2
2021-10-26 03:00:00.000,2,"3",M31SI,79497.59,1.0
2021-10-28 14:25:00.000,2,"3",M31SI,70163.46,0.8333333
2021-10-27 18:25:00.000,2,"3",M31SI,90158.15,1.0
2021-10-30 19:25:00.000,2,"3",M31SI,190568.89,0.21428572
2021-10-26 22:50:00.000,2,"3",M31SI,184889.45,1.0
2021-10-30 18:55:00.000,2,"3",M31SI,189810.16,1.0
2021-10-27 12:20:00.000,2,"3",M31SI,242042.5,1.0
2021-10-26 20:30:00.000,2,"3",M31SI,130992.21,1.0
2021-10-28 10:50:00.000,2,"3",M31SI,242934.34,0.21428572
2021-10-27 23:50:00.000,2,"3",M31SI,104097.92,1.0
2021-10-31 22:55:00.000,2,"3",M31SI,94996.04,0.6363636
2021-10-31 08:20:00.000,2,"3",M31SI,91289.125,1.0
2021-10-27 02:20:00.000,2,"3",M31SI,190626.88,1.0
2021-10-26 08:05:00.000,2,"3",M31SI,124087.305,0.95
2021-10-29 23:10:00.000,2,"3",M31SI,110109.164,1.0
2021-10-26 00:55:00.000,2,"3",M31SI,159777.2,1.3333334
2021-10-26 15:35:00.000,2,"3",M31SI,232825.0,1.0
2021-10-26 04:30:00.000,2,"3",M31SI,175653.03,1.0
2021-10-25 22:10:00.000,2,"3",M31SI,70293.945,1.0
2021-10-30 04:10:00.000,2,"3",M31SI,0.0,2.0
2021-10-29 10:25:00.000,2,"3",M31SI,191893.77,0.21428572
2021-10-30 23:20:00.000,2,"3",M31SI,196718.08,1.0
2021-10-27 12:25:00.000,2,"3",M31SI,242033.84,1.0
2021-10-27 22:00:00.000,2,"3",M31SI,161361.2,0.3529412
2021-10-26 04:20:00.000,2,"3",M31SI,134124.03,1.0
2021-10-29 03:05:00.000,2,"3",M31SI,243179.2,0.5
2021-10-29 06:35:00.000,2,"3",M31SI,243257.97,0.23076923
2021-10-25 21:50:00.000,2,"3",M31SI,30390.588,1.85
2021-10-30 00:05:00.000,2,"3",M31SI,80371.5,1.0526316
2021-10-28 07:55:00.000,2,"3",M31SI,244458.92,1.0
2021-10-30 11:30:00.000,2,"3",M31SI,240003.83,0.21428572
2021-10-29 21:55:00.000,2,"3",M31SI,91684.05,1.125
2021-10-27 17:50:00.000,2,"3",M31SI,244117.27,1.0
2021-10-31 13:50:00.000,2,"3",M31SI,146619.97,1.6666666
2021-10-31 23:50:00.000,2,"3",M31SI,149571.84,0.21428572
2021-10-30 15:20:00.000,2,"3",M31SI,243271.75,0.0
2021-10-29 09:10:00.000,2,"3",M31SI,242527.06,1.0
2021-10-27 10:10:00.000,2,"3",M31SI,232373.11,1.0
2021-10-26 00:05:00.000,2,"3",M31SI,129201.86,1.6428572
2021-10-26 21:30:00.000,2,"3",M31SI,149027.55,1.0
2021-10-29 22:00:00.000,2,"3",M31SI,0.0,0.6923077
2021-10-27 11:25:00.000,2,"3",M31SI,241957.08,1.0
2021-10-28 18:30:00.000,2,"3",M31SI,90547.95,0.21428572
2021-10-27 04:20:00.000,2,"3",M31SI,231620.05,1.0
2021-10-26 08:50:00.000,2,"3",M31SI,149936.47,0.8666667
2021-10-25 21:45:00.000,2,"3",M31SI,105659.56,1.1875
2021-10-27 16:00:00.000,2,"3",M31SI,244505.16,1.0
2021-10-30 05:30:00.000,2,"3",M31SI,90633.51,1.0
2021-10-31 14:15:00.000,2,"3",M31SI,98135.91,1.0
2021-10-26 18:15:00.000,2,"3",M31SI,180468.39,1.0
2021-10-29 22:45:00.000,2,"3",M31SI,99237.74,0.33333334
2021-10-28 03:45:00.000,2,"3",M31SI,243590.02,0.5714286
2021-10-28 04:20:00.000,2,"3",M31SI,103174.84,1.0
2021-10-28 21:30:00.000,2,"3",M31SI,243204.11,1.0
2021-10-26 06:50:00.000,2,"3",M31SI,147269.39,1.0
2021-10-28 13:20:00.000,2,"3",M31SI,244042.77,1.0
2021-10-28 10:45:00.000,2,"3",M31SI,194635.16,0.21428572
2021-10-27 00:30:00.000,2,"3",M31SI,156395.12,1.0
2021-10-31 09:50:00.000,2,"3",M31SI,243419.7,0.21428572
2021-10-31 09:10:00.000,2,"3",M31SI,189314.42,0.2
2021-10-30 18:30:00.000,2,"3",M31SI,242162.12,1.8
2021-10-31 10:20:00.000,2,"3",M31SI,103658.15,1.0
2021-10-30 19:20:00.000,2,"3",M31SI,89096.12,0.21428572
2021-10-30 17:45:00.000,2,"3",M31SI,118588.18,2.368421
2021-10-29 11:25:00.000,2,"3",M31SI,242066.67,1.0
2021-10-26 09:40:00.000,2,"3",M31SI,233798.27,0.5945946
2021-10-26 20:35:00.000,2,"3",M31SI,98132.85,1.0
2021-10-26 18:05:00.000,2,"3",M31SI,185047.31,1.0
2021-10-31 11:30:00.000,2,"3",M31SI,244587.77,0.21428572
2021-10-31 16:10:00.000,2,"3",M31SI,83502.24,0.56
2021-10-28 15:30:00.000,2,"3",M31SI,122564.38,0.7777778
2021-10-28 07:25:00.000,2,"3",M31SI,244445.73,1.0
2021-10-31 01:20:00.000,2,"3",M31SI,91610.2,1.0
2021-10-30 13:40:00.000,2,"3",M31SI,199223.75,0.1875
2021-10-26 15:10:00.000,2,"3",M31SI,232775.97,1.0
2021-10-25 23:55:00.000,2,"3",M31SI,119768.8,1.6875
2021-10-31 13:10:00.000,2,"3",M31SI,242017.78,1.0
2021-10-30 20:35:00.000,2,"3",M31SI,189831.86,0.21428572
2021-10-28 21:35:00.000,2,"3",M31SI,243286.03,1.0
2021-10-29 04:00:00.000,2,"3",M31SI,243792.23,0.23076923
2021-10-27 19:35:00.000,2,"3",M31SI,93544.9,1.0
2021-10-26 07:40:00.000,2,"3",M31SI,233315.03,1.1818181
2021-10-31 04:30:00.000,2,"3",M31SI,199093.98,1.7142857
2021-10-29 07:25:00.000,2,"3",M31SI,243523.27,0.21428572
2021-10-26 02:10:00.000,2,"3",M31SI,79492.08,1.0
2021-10-29 18:45:00.000,2,"3",M31SI,244696.62,0.90909094
2021-10-26 01:25:00.000,2,"3",M31SI,131276.4,0.625
2021-10-29 19:45:00.000,2,"3",M31SI,245215.86,0.21428572
2021-10-25 22:25:00.000,2,"3",M31SI,87557.766,1.0
2021-10-30 04:20:00.000,2,"3",M31SI,103534.17,0.75
2021-10-30 23:45:00.000,2,"3",M31SI,189626.78,1.0
2021-10-30 03:30:00.000,2,"3",M31SI,243751.75,1.0
2021-10-28 15:10:00.000,2,"3",M31SI,135265.22,0.21428572
2021-10-28 13:55:00.000,2,"3",M31SI,119697.695,1.0
2021-10-28 10:10:00.000,2,"3",M31SI,163707.78,0.25
2021-10-29 04:40:00.000,2,"3",M31SI,96407.33,0.23529412
2021-10-25 22:45:00.000,2,"3",M31SI,67575.85,1.0
2021-10-27 03:05:00.000,2,"3",M31SI,195775.83,1.0
2021-10-28 01:10:00.000,2,"3",M31SI,110033.0,0.5
2021-10-29 06:40:00.000,2,"3",M31SI,243423.64,0.21428572
2021-10-28 14:55:00.000,2,"3",M31SI,153713.66,1.0
2021-10-30 20:20:00.000,2,"3",M31SI,96841.1,0.21428572
2021-10-28 05:10:00.000,2,"3",M31SI,104647.02,1.0
2021-10-29 08:30:00.000,2,"3",M31SI,190297.89,1.0
2021-10-26 05:10:00.000,2,"3",M31SI,79501.195,1.34375
2021-10-26 08:00:00.000,2,"3",M31SI,79500.92,1.3571428
2021-10-26 13:05:00.000,2,"3",M31SI,149980.17,1.3333334
2021-10-29 14:30:00.000,2,"3",M31SI,243333.72,1.0
2021-10-28 00:20:00.000,2,"3",M31SI,0.0,1.75
2021-10-29 06:05:00.000,2,"3",M31SI,241058.83,1.8333334
2021-10-26 04:25:00.000,2,"3",M31SI,129006.125,0.25
2021-10-25 23:00:00.000,2,"3",M31SI,90335.78,1.2
2021-10-29 08:45:00.000,2,"3",M31SI,242408.5,1.0
2021-10-26 14:25:00.000,2,"3",M31SI,232794.1,1.0
2021-10-31 23:45:00.000,2,"3",M31SI,78249.836,0.35714287
2021-10-29 06:55:00.000,2,"3",M31SI,243516.89,0.21428572
2021-10-29 00:05:00.000,2,"3",M31SI,0.0,1.5
2021-10-28 04:30:00.000,2,"3",M31SI,190496.94,1.0
2021-10-27 00:00:00.000,2,"3",M31SI,113198.22,1.3333334
2021-10-27 09:45:00.000,2,"3",M31SI,232485.36,1.0
2021-10-29 09:45:00.000,2,"3",M31SI,242586.64,1.0
2021-10-28 06:40:00.000,2,"3",M31SI,244277.9,1.0
2021-10-29 11:30:00.000,2,"3",M31SI,242149.78,0.875
2021-10-29 00:40:00.000,2,"3",M31SI,242724.97,1.0
2021-10-29 23:00:00.000,2,"3",M31SI,119613.734,0.4883721
2021-10-28 02:25:00.000,2,"3",M31SI,119751.875,0.21428572
2021-10-31 23:15:00.000,2,"3",M31SI,147289.86,1.0
2021-10-29 04:30:00.000,2,"3",M31SI,78558.07,0.33333334
2021-10-29 04:35:00.000,2,"3",M31SI,64378.76,0.25
2021-10-31 03:05:00.000,2,"3",M31SI,243400.38,0.0
2021-10-26 00:50:00.000,2,"3",M31SI,159724.53,1.3333334
2021-10-27 08:50:00.000,2,"3",M31SI,232445.78,1.0
2021-10-30 17:05:00.000,2,"3",M31SI,244771.08,1.0
2021-10-26 13:20:00.000,2,"3",M31SI,151824.97,1.3333334
2021-10-30 19:45:00.000,2,"3",M31SI,187626.6,0.21428572
2021-10-29 03:10:00.000,2,"3",M31SI,243196.72,0.9375
2021-10-25 21:15:00.000,2,"3",M31SI,106843.43,1.0
2021-10-28 08:25:00.000,2,"3",M31SI,193165.23,1.0
2021-10-31 22:20:00.000,2,"3",M31SI,19159.865,1.6666666
2021-10-29 15:55:00.000,2,"3",M31SI,243917.5,1.0
2021-10-26 20:00:00.000,2,"3",M31SI,177255.84,1.0
2021-10-28 13:15:00.000,2,"3",M31SI,244043.28,1.0
2021-10-31 18:10:00.000,2,"3",M31SI,185965.36,1.0
2021-10-30 23:05:00.000,2,"3",M31SI,60476.293,1.3333334
2021-10-30 11:25:00.000,2,"3",M31SI,239985.97,0.21428572
2021-10-27 20:30:00.000,2,"3",M31SI,243142.94,1.0
2021-10-28 02:20:00.000,2,"3",M31SI,95086.41,0.75
2021-10-29 06:15:00.000,2,"3",M31SI,113603.85,0.1764706
2021-10-29 12:55:00.000,2,"3",M31SI,241846.78,1.0
2021-10-26 10:55:00.000,2,"3",M31SI,193532.7,1.0
2021-10-26 22:40:00.000,2,"3",M31SI,184424.39,1.0
2021-10-26 17:20:00.000,2,"3",M31SI,231977.73,1.0
2021-10-26 04:35:00.000,2,"3",M31SI,79503.29,1.1538461
2021-10-27 01:25:00.000,2,"3",M31SI,197718.0,1.0
2021-10-29 01:40:00.000,2,"3",M31SI,242868.19,1.0
2021-10-28 21:15:00.000,2,"3",M31SI,243442.95,0.21428572
2021-10-28 12:35:00.000,2,"3",M31SI,243948.84,1.0
2021-10-26 20:15:00.000,2,"3",M31SI,143774.69,1.0
2021-10-30 22:55:00.000,2,"3",M31SI,59422.97,1.0
2021-10-29 01:10:00.000,2,"3",M31SI,242813.98,1.0
2021-10-28 05:20:00.000,2,"3",M31SI,90571.51,0.6666667
2021-10-29 05:30:00.000,2,"3",M31SI,244289.03,0.2
2021-10-28 07:20:00.000,2,"3",M31SI,244439.25,1.0
2021-10-26 11:35:00.000,2,"3",M31SI,135513.1,0.54545456
2021-10-27 05:05:00.000,2,"3",M31SI,232225.89,1.0
2021-10-29 15:50:00.000,2,"3",M31SI,243911.84,1.0
2021-10-29 07:30:00.000,2,"3",M31SI,243528.27,0.21428572
2021-10-29 05:10:00.000,2,"3",M31SI,244234.52,0.2
2021-10-29 21:45:00.000,2,"3",M31SI,108041.086,1.1818181
2021-10-28 16:20:00.000,2,"3",M31SI,105447.28,1.0
2021-10-25 23:10:00.000,2,"3",M31SI,86000.87,1.0
2021-10-28 15:55:00.000,2,"3",M31SI,0.0,1.2857143
2021-10-31 05:55:00.000,2,"3",M31SI,94281.94,1.0
2021-10-29 04:05:00.000,2,"3",M31SI,243745.94,1.3636364
2021-10-30 06:20:00.000,2,"3",M31SI,94867.87,1.0
2021-10-28 18:05:00.000,2,"3",M31SI,242546.69,1.0
2021-10-27 22:05:00.000,2,"3",M31SI,80666.34,0.7647059
2021-10-30 16:45:00.000,2,"3",M31SI,244725.33,0.75
2021-10-30 20:05:00.000,2,"3",M31SI,186974.42,0.0
2021-10-30 20:10:00.000,2,"3",M31SI,243404.98,1.35
2021-10-27 13:40:00.000,2,"3",M31SI,242054.69,1.0
2021-10-29 11:35:00.000,2,"3",M31SI,79169.04,0.3125
2021-10-29 00:25:00.000,2,"3",M31SI,137626.38,1.0
2021-10-30 11:15:00.000,2,"3",M31SI,239973.0,0.21428572
2021-10-27 20:40:00.000,2,"3",M31SI,243246.94,1.0
2021-10-27 19:50:00.000,2,"3",M31SI,239062.86,1.0
2021-10-31 18:35:00.000,2,"3",M31SI,100735.27,0.21428572
2021-10-28 14:05:00.000,2,"3",M31SI,90960.92,1.0
2021-10-28 07:50:00.000,2,"3",M31SI,244461.72,1.0
2021-10-30 14:50:00.000,2,"3",M31SI,243247.92,1.0
2021-10-29 22:40:00.000,2,"3",M31SI,96718.81,0.47272727
2021-10-30 23:35:00.000,2,"3",M31SI,199230.86,1.0
2021-10-26 08:20:00.000,2,"3",M31SI,146604.14,1.0
2021-10-30 13:05:00.000,2,"3",M31SI,239989.6,1.0
2021-10-31 10:25:00.000,2,"3",M31SI,92240.0,1.5294118
2021-10-26 07:25:00.000,2,"3",M31SI,188168.36,1.0
2021-10-28 11:55:00.000,2,"3",M31SI,243857.86,1.0
2021-10-29 07:05:00.000,2,"3",M31SI,243506.12,0.1875
2021-10-27 23:00:00.000,2,"3",M31SI,0.0,0.45
2021-10-25 21:20:00.000,2,"3",M31SI,97727.08,1.0
2021-10-31 00:15:00.000,2,"3",M31SI,0.0,0.75
2021-10-30 11:35:00.000,2,"3",M31SI,239993.8,0.21428572
2021-10-30 02:00:00.000,2,"3",M31SI,244495.52,0.5
2021-10-30 03:00:00.000,2,"3",M31SI,190915.75,1.0
2021-10-29 03:30:00.000,2,"3",M31SI,190241.72,0.21428572
2021-10-28 11:00:00.000,2,"3",M31SI,243155.44,2.030303
2021-10-25 20:45:00.000,2,"3",M31SI,104806.59,0.7
2021-10-27 19:20:00.000,2,"3",M31SI,93633.77,1.5
2021-10-31 05:30:00.000,2,"3",M31SI,245319.05,1.0
2021-10-31 21:05:00.000,2,"3",M31SI,68264.17,1.3333334
2021-10-30 06:25:00.000,2,"3",M31SI,191752.12,1.0
2021-10-31 04:25:00.000,2,"3",M31SI,108850.62,0.2
2021-10-31 00:10:00.000,2,"3",M31SI,115729.73,2.5263157
2021-10-26 16:20:00.000,2,"3",M31SI,232483.22,1.0
2021-10-27 20:20:00.000,2,"3",M31SI,242964.97,1.0
2021-10-27 18:40:00.000,2,"3",M31SI,243098.25,1.0
2021-10-26 22:15:00.000,2,"3",M31SI,183682.52,1.0
2021-10-26 16:55:00.000,2,"3",M31SI,232319.55,1.0
2021-10-30 10:30:00.000,2,"3",M31SI,239587.95,0.21428572
2021-10-26 16:35:00.000,2,"3",M31SI,232394.1,1.0
2021-10-31 13:45:00.000,2,"3",M31SI,83960.31,0.5
2021-10-31 19:35:00.000,2,"3",M31SI,159225.5,1.3333334
2021-10-29 22:50:00.000,2,"3",M31SI,143966.45,0.5
2021-10-25 21:30:00.000,2,"3",M31SI,153663.34,0.625
2021-10-27 13:10:00.000,2,"3",M31SI,242051.28,1.0
2021-10-29 19:10:00.000,2,"3",M31SI,0.0,0.7
2021-10-28 09:10:00.000,2,"3",M31SI,243753.81,1.0
2021-10-29 02:45:00.000,2,"3",M31SI,243083.84,1.0
2021-10-26 16:40:00.000,2,"3",M31SI,232365.47,1.0
2021-10-28 06:15:00.000,2,"3",M31SI,92404.91,1.0
2021-10-31 01:40:00.000,2,"3",M31SI,243375.5,1.0
2021-10-30 04:25:00.000,2,"3",M31SI,91145.28,1.0
2021-10-29 11:20:00.000,2,"3",M31SI,190265.31,1.0
2021-10-31 05:40:00.000,2,"3",M31SI,0.0,0.9
2021-10-26 05:20:00.000,2,"3",M31SI,79500.945,1.5185186
2021-10-28 03:05:00.000,2,"3",M31SI,243574.98,0.21428572
2021-10-28 12:00:00.000,2,"3",M31SI,244087.58,1.0
2021-10-30 08:10:00.000,2,"3",M31SI,78312.96,0.4117647
2021-10-27 10:40:00.000,2,"3",M31SI,232254.38,1.0
2021-10-29 08:05:00.000,2,"3",M31SI,243531.08,2.368421
2021-10-26 18:25:00.000,2,"3",M31SI,186405.05,1.0
2021-10-30 13:20:00.000,2,"3",M31SI,240052.56,1.0
2021-10-26 18:50:00.000,2,"3",M31SI,183871.0,1.0
2021-10-31 04:00:00.000,2,"3",M31SI,95913.93,0.5294118
2021-10-28 23:00:00.000,2,"3",M31SI,243321.22,0.21428572
2021-10-28 18:35:00.000,2,"3",M31SI,86195.16,0.21428572
2021-10-29 18:20:00.000,2,"3",M31SI,99984.516,1.0
2021-10-31 13:00:00.000,2,"3",M31SI,241952.17,1.0
2021-10-31 02:40:00.000,2,"3",M31SI,243143.53,1.0
2021-10-30 17:00:00.000,2,"3",M31SI,244769.14,1.0
2021-10-29 13:00:00.000,2,"3",M31SI,241881.69,1.0
2021-10-29 21:20:00.000,2,"3",M31SI,244938.67,1.0
2021-10-27 14:10:00.000,2,"3",M31SI,242059.94,1.0
2021-10-27 12:10:00.000,2,"3",M31SI,242037.62,1.0
2021-10-30 14:10:00.000,2,"3",M31SI,116847.61,1.0
2021-10-29 13:20:00.000,2,"3",M31SI,241912.44,1.0
2021-10-30 08:15:00.000,2,"3",M31SI,153438.95,0.21428572
2021-10-26 23:00:00.000,2,"3",M31SI,95536.24,1.3333334
2021-10-27 22:25:00.000,2,"3",M31SI,29159.023,0.3846154
2021-10-26 10:20:00.000,2,"3",M31SI,138442.84,1.0
2021-10-29 03:35:00.000,2,"3",M31SI,243719.66,0.21428572
2021-10-28 19:05:00.000,2,"3",M31SI,244992.42,0.75
2021-10-30 11:45:00.000,2,"3",M31SI,239979.86,0.21428572
2021-10-31 00:25:00.000,2,"3",M31SI,101726.19,1.0
2021-10-31 06:30:00.000,2,"3",M31SI,110276.27,1.0
2021-10-29 15:10:00.000,2,"3",M31SI,243896.14,1.0
2021-10-31 23:25:00.000,2,"3",M31SI,28600.732,0.3125
2021-10-27 16:35:00.000,2,"3",M31SI,244531.9,1.0
2021-10-27 13:25:00.000,2,"3",M31SI,242060.52,1.0
2021-10-31 20:00:00.000,2,"3",M31SI,133028.1,1.0
2021-10-27 15:40:00.000,2,"3",M31SI,244505.16,1.0
2021-10-26 13:25:00.000,2,"3",M31SI,152152.14,1.3333334
2021-10-30 01:20:00.000,2,"3",M31SI,244459.25,1.0
2021-10-27 15:55:00.000,2,"3",M31SI,244505.16,1.0
2021-10-31 08:35:00.000,2,"3",M31SI,162736.19,0.33333334
2021-10-31 03:50:00.000,2,"3",M31SI,0.0,0.4117647
2021-10-29 02:55:00.000,2,"3",M31SI,243187.19,1.0
2021-10-26 17:10:00.000,2,"3",M31SI,232158.98,1.0
2021-10-26 08:40:00.000,2,"3",M31SI,79503.59,1.25
2021-10-26 02:00:00.000,2,"3",M31SI,101019.805,1.25
2021-10-26 13:55:00.000,2,"3",M31SI,232457.36,1.0
2021-10-28 20:25:00.000,2,"3",M31SI,100192.85,0.16666667
2021-10-26 12:45:00.000,2,"3",M31SI,112688.95,1.3333334
2021-10-27 12:55:00.000,2,"3",M31SI,242041.55,1.0
2021-10-29 02:00:00.000,2,"3",M31SI,242867.84,1.0
2021-10-31 21:45:00.000,2,"3",M31SI,136660.16,0.71428573
2021-10-30 12:25:00.000,2,"3",M31SI,191515.52,1.0
2021-10-26 09:55:00.000,2,"3",M31SI,126563.86,0.7
2021-10-29 12:45:00.000,2,"3",M31SI,241777.83,1.0
2021-10-26 03:35:00.000,2,"3",M31SI,196306.66,0.25
2021-10-30 15:10:00.000,2,"3",M31SI,243253.23,1.0
2021-10-28 09:00:00.000,2,"3",M31SI,243744.66,1.0
2021-10-30 00:50:00.000,2,"3",M31SI,244461.14,1.0
2021-10-27 21:15:00.000,2,"3",M31SI,243120.94,1.3333334
2021-10-26 16:50:00.000,2,"3",M31SI,232338.84,1.0
2021-10-29 01:20:00.000,2,"3",M31SI,242827.89,1.0
2021-10-31 02:20:00.000,2,"3",M31SI,109437.57,1.0
2021-10-30 03:15:00.000,2,"3",M31SI,101947.13,1.0
2021-10-31 12:25:00.000,2,"3",M31SI,109256.305,0.21428572
2021-10-26 09:20:00.000,2,"3",M31SI,142633.06,0.21428572
2021-10-26 04:45:00.000,2,"3",M31SI,115280.086,1.3333334
2021-10-31 08:05:00.000,2,"3",M31SI,83734.445,1.0
2021-10-26 11:25:00.000,2,"3",M31SI,108044.68,0.625
2021-10-30 13:00:00.000,2,"3",M31SI,239986.05,1.0
2021-10-28 16:15:00.000,2,"3",M31SI,41082.86,1.25
2021-10-31 23:10:00.000,2,"3",M31SI,108295.76,1.0
2021-10-28 12:30:00.000,2,"3",M31SI,243837.98,1.0
2021-10-30 01:05:00.000,2,"3",M31SI,244462.97,1.0
2021-10-27 06:30:00.000,2,"3",M31SI,232343.05,1.0
2021-10-31 12:50:00.000,2,"3",M31SI,241926.81,1.0
2021-10-26 10:25:00.000,2,"3",M31SI,188459.25,1.0
2021-10-25 22:05:00.000,2,"3",M31SI,97766.83,1.4
2021-10-29 19:50:00.000,2,"3",M31SI,245573.92,0.5294118
2021-10-30 17:30:00.000,2,"3",M31SI,101647.484,1.0
2021-10-31 22:40:00.000,2,"3",M31SI,96860.93,2.0625
2021-10-27 16:50:00.000,2,"3",M31SI,244529.66,1.0
2021-10-29 14:50:00.000,2,"3",M31SI,243800.36,1.0
2021-10-27 05:40:00.000,2,"3",M31SI,232347.34,1.0
2021-10-27 02:30:00.000,2,"3",M31SI,192383.55,1.0
2021-10-31 16:25:00.000,2,"3",M31SI,92433.34,0.5
2021-10-31 03:35:00.000,2,"3",M31SI,89093.92,0.13333334
2021-10-30 19:50:00.000,2,"3",M31SI,187302.64,0.21428572
2021-10-28 18:00:00.000,2,"3",M31SI,88450.625,1.0
2021-10-31 15:05:00.000,2,"3",M31SI,245707.42,0.21428572
2021-10-30 12:50:00.000,2,"3",M31SI,239965.02,1.0
2021-10-27 03:55:00.000,2,"3",M31SI,230378.64,1.0
2021-10-31 08:40:00.000,2,"3",M31SI,201118.69,1.0909091
2021-10-31 21:00:00.000,2,"3",M31SI,0.0,1.9473684
2021-10-29 02:40:00.000,2,"3",M31SI,243009.33,1.0
2021-10-31 20:20:00.000,2,"3",M31SI,52804.91,0.2
2021-10-29 09:00:00.000,2,"3",M31SI,242533.27,1.0
2021-10-30 15:50:00.000,2,"3",M31SI,244419.8,0.21428572
2021-10-30 12:45:00.000,2,"3",M31SI,239942.06,1.0
2021-10-29 02:15:00.000,2,"3",M31SI,108372.87,1.0
2021-10-27 01:10:00.000,2,"3",M31SI,107274.71,1.3333334
2021-10-28 10:55:00.000,2,"3",M31SI,243122.44,0.21428572
2021-10-31 02:35:00.000,2,"3",M31SI,242809.28,1.0
2021-10-29 03:15:00.000,2,"3",M31SI,159985.84,0.21052632
2021-10-28 17:20:00.000,2,"3",M31SI,244451.64,1.0
2021-10-29 17:35:00.000,2,"3",M31SI,0.0,2.0
2021-10-26 02:05:00.000,2,"3",M31SI,112615.22,1.6190476
2021-10-30 22:35:00.000,2,"3",M31SI,185696.0,1.0
2021-10-29 15:35:00.000,2,"3",M31SI,243909.94,1.0
2021-10-29 15:20:00.000,2,"3",M31SI,243886.34,1.0
2021-10-29 11:45:00.000,2,"3",M31SI,142866.86,0.21428572
2021-10-26 03:25:00.000,2,"3",M31SI,147118.67,1.0
2021-10-29 20:25:00.000,2,"3",M31SI,109033.555,1.25
2021-10-26 07:35:00.000,2,"3",M31SI,231261.97,1.0
2021-10-30 15:05:00.000,2,"3",M31SI,243247.62,1.0
2021-10-26 14:55:00.000,2,"3",M31SI,232790.47,1.0
2021-10-31 06:50:00.000,2,"3",M31SI,201636.42,0.8
2021-10-30 05:15:00.000,2,"3",M31SI,0.0,0.9
2021-10-29 07:50:00.000,2,"3",M31SI,243510.36,1.0
2021-10-28 23:20:00.000,2,"3",M31SI,58037.21,0.82758623
2021-10-31 03:20:00.000,2,"3",M31SI,27856.607,0.4375
2021-10-30 18:10:00.000,2,"3",M31SI,137825.39,1.0
2021-10-26 01:35:00.000,2,"3",M31SI,159545.31,0.8125
2021-10-29 23:30:00.000,2,"3",M31SI,244523.62,1.0
2021-10-28 18:15:00.000,2,"3",M31SI,106101.18,0.7894737
2021-10-31 06:25:00.000,2,"3",M31SI,0.0,1.2857143
2021-10-26 06:35:00.000,2,"3",M31SI,116828.984,0.72727275
2021-10-30 10:20:00.000,2,"3",M31SI,96930.555,0.21428572
2021-10-31 14:25:00.000,2,"3",M31SI,91043.69,1.0
2021-10-27 11:40:00.000,2,"3",M31SI,241995.52,1.0
2021-10-28 03:00:00.000,2,"3",M31SI,243532.31,0.21428572
2021-10-26 20:20:00.000,2,"3",M31SI,102203.18,1.0
2021-10-29 13:35:00.000,2,"3",M31SI,241945.2,1.0
2021-10-26 04:50:00.000,2,"3",M31SI,145669.2,1.0
2021-10-29 02:25:00.000,2,"3",M31SI,90460.46,1.0
2021-10-29 05:00:00.000,2,"3",M31SI,244130.78,0.21428572
2021-10-28 15:05:00.000,2,"3",M31SI,194787.61,0.64285713
2021-10-27 14:15:00.000,2,"3",M31SI,242060.33,1.0
2021-10-29 08:40:00.000,2,"3",M31SI,242366.36,1.0
2021-10-26 22:05:00.000,2,"3",M31SI,180483.6,1.0
2021-10-26 11:45:00.000,2,"3",M31SI,113903.37,0.6666667
2021-10-28 08:55:00.000,2,"3",M31SI,243730.62,1.0
2021-10-26 14:30:00.000,2,"3",M31SI,232825.08,1.0
2021-10-27 15:30:00.000,2,"3",M31SI,244512.83,1.0
2021-10-31 14:20:00.000,2,"3",M31SI,99179.95,1.0
2021-10-29 21:05:00.000,2,"3",M31SI,244685.84,0.21428572
2021-10-28 21:55:00.000,2,"3",M31SI,243519.38,1.0
2021-10-26 16:30:00.000,2,"3",M31SI,232405.7,1.0
2021-10-30 23:10:00.000,2,"3",M31SI,58600.504,1.3333334
2021-10-26 06:15:00.000,2,"3",M31SI,79501.37,1.3333334
2021-10-31 01:05:00.000,2,"3",M31SI,80205.49,0.7777778
2021-10-30 06:35:00.000,2,"3",M31SI,242534.19,1.0
2021-10-27 20:50:00.000,2,"3",M31SI,243361.12,1.0
2021-10-30 02:40:00.000,2,"3",M31SI,81006.91,1.3333334
2021-10-30 22:25:00.000,2,"3",M31SI,89197.65,1.0
2021-10-31 19:00:00.000,2,"3",M31SI,83623.164,1.0
2021-10-26 11:00:00.000,2,"3",M31SI,181178.55,1.1052631
2021-10-28 12:10:00.000,2,"3",M31SI,178695.2,1.0
2021-10-26 14:40:00.000,2,"3",M31SI,232839.08,1.0
2021-10-30 23:25:00.000,2,"3",M31SI,198356.08,1.0
2021-10-28 19:00:00.000,2,"3",M31SI,244952.44,0.21428572
2021-10-26 05:25:00.000,2,"3",M31SI,117474.9,0.7058824
2021-10-31 19:30:00.000,2,"3",M31SI,159108.34,1.3333334
2021-10-29 18:40:00.000,2,"3",M31SI,244383.39,1.0
2021-10-29 22:25:00.000,2,"3",M31SI,91880.05,0.5217391
2021-10-31 04:55:00.000,2,"3",M31SI,29471.273,1.6
2021-10-26 23:50:00.000,2,"3",M31SI,109770.53,1.3333334
2021-10-26 14:10:00.000,2,"3",M31SI,232786.11,1.0
2021-10-26 00:10:00.000,2,"3",M31SI,79439.42,1.0
2021-10-26 12:55:00.000,2,"3",M31SI,107927.805,1.3333334
2021-10-29 21:25:00.000,2,"3",M31SI,244916.36,1.0
2021-10-27 17:45:00.000,2,"3",M31SI,244197.8,1.0
2021-10-29 02:35:00.000,2,"3",M31SI,242960.77,1.0
2021-10-29 18:00:00.000,2,"3",M31SI,193365.22,1.125
2021-10-26 15:00:00.000,2,"3",M31SI,232761.66,1.0
2021-10-28 17:40:00.000,2,"3",M31SI,244465.88,1.7142857
2021-10-26 17:25:00.000,2,"3",M31SI,231618.12,1.0
2021-10-26 03:30:00.000,2,"3",M31SI,146523.53,1.0
2021-10-29 01:25:00.000,2,"3",M31SI,242831.05,1.0
2021-10-26 21:10:00.000,2,"3",M31SI,149185.34,1.0
2021-10-30 23:40:00.000,2,"3",M31SI,192790.61,1.0
2021-10-28 13:45:00.000,2,"3",M31SI,244094.45,1.0
2021-10-31 00:30:00.000,2,"3",M31SI,91916.35,1.0
2021-10-29 17:45:00.000,2,"3",M31SI,70434.6,1.3333334
2021-10-30 13:55:00.000,2,"3",M31SI,184232.98,1.0
2021-10-31 10:00:00.000,2,"3",M31SI,243719.6,0.73333335
2021-10-30 00:40:00.000,2,"3",M31SI,244286.4,1.0
2021-10-27 18:30:00.000,2,"3",M31SI,139141.97,1.0
2021-10-28 02:50:00.000,2,"3",M31SI,243386.95,0.21428572
2021-10-28 16:00:00.000,2,"3",M31SI,119520.7,1.0
2021-10-26 22:10:00.000,2,"3",M31SI,148712.77,1.0
2021-10-31 16:05:00.000,2,"3",M31SI,245653.98,1.25
2021-10-29 08:55:00.000,2,"3",M31SI,242519.53,1.0
2021-10-28 20:35:00.000,2,"3",M31SI,140395.64,0.21428572
2021-10-30 03:35:00.000,2,"3",M31SI,243830.78,1.0
2021-10-30 11:55:00.000,2,"3",M31SI,239985.73,0.21428572
2021-10-31 18:00:00.000,2,"3",M31SI,136738.11,1.0
2021-10-30 19:40:00.000,2,"3",M31SI,188192.97,0.21428572
2021-10-28 13:30:00.000,2,"3",M31SI,244054.44,1.0
2021-10-26 22:55:00.000,2,"3",M31SI,110499.38,1.3333334
2021-10-27 06:05:00.000,2,"3",M31SI,232337.77,1.0
2021-10-29 15:15:00.000,2,"3",M31SI,243890.73,1.0
2021-10-27 16:05:00.000,2,"3",M31SI,244505.16,1.0
2021-10-27 02:35:00.000,2,"3",M31SI,194565.55,1.0
2021-10-31 15:25:00.000,2,"3",M31SI,245689.22,0.21428572
2021-10-30 20:15:00.000,2,"3",M31SI,107050.875,0.21428572
2021-10-30 04:55:00.000,2,"3",M31SI,103877.37,1.0
2021-10-26 04:55:00.000,2,"3",M31SI,198581.72,1.0
2021-10-30 22:05:00.000,2,"3",M31SI,28990.564,1.0625
2021-10-28 17:25:00.000,2,"3",M31SI,244454.45,1.0
2021-10-30 21:15:00.000,2,"3",M31SI,198320.03,0.14285715
2021-10-26 14:15:00.000,2,"3",M31SI,232774.39,1.0
2021-10-26 20:25:00.000,2,"3",M31SI,135158.33,1.0
2021-10-28 06:45:00.000,2,"3",M31SI,244397.62,1.0
2021-10-27 00:55:00.000,2,"3",M31SI,136656.03,1.0
2021-10-28 16:55:00.000,2,"3",M31SI,244367.0,1.0
2021-10-31 17:25:00.000,2,"3",M31SI,233954.08,1.0
2021-10-31 02:50:00.000,2,"3",M31SI,243369.94,1.0
2021-10-28 21:45:00.000,2,"3",M31SI,243435.22,1.0
2021-10-30 12:55:00.000,2,"3",M31SI,239960.73,1.0
2021-10-27 05:55:00.000,2,"3",M31SI,232339.1,1.0
2021-10-26 17:50:00.000,2,"3",M31SI,189632.55,1.0
2021-10-29 19:30:00.000,2,"3",M31SI,95257.45,0.21428572
2021-10-31 21:50:00.000,2,"3",M31SI,150580.86,0.075
2021-10-30 03:05:00.000,2,"3",M31SI,242763.81,0.5641026
2021-10-28 20:10:00.000,2,"3",M31SI,0.0,0.3529412
2021-10-29 20:55:00.000,2,"3",M31SI,195479.03,0.21428572
2021-10-29 14:15:00.000,2,"3",M31SI,104508.3,1.0
2021-10-31 07:05:00.000,2,"3",M31SI,189510.67,1.0
2021-10-27 04:45:00.000,2,"3",M31SI,232072.36,1.0
2021-10-28 05:50:00.000,2,"3",M31SI,39269.61,1.6
2021-10-28 17:05:00.000,2,"3",M31SI,244422.52,1.0
2021-10-31 03:00:00.000,2,"3",M31SI,243358.08,1.0
2021-10-28 23:30:00.000,2,"3",M31SI,60946.09,1.9215686
2021-10-28 21:25:00.000,2,"3",M31SI,243635.23,1.0
2021-10-28 14:15:00.000,2,"3",M31SI,0.0,1.8
2021-10-27 20:00:00.000,2,"3",M31SI,241805.98,1.0
2021-10-31 00:40:00.000,2,"3",M31SI,187520.11,1.0
2021-10-28 13:25:00.000,2,"3",M31SI,244043.98,1.0
2021-10-28 05:25:00.000,2,"3",M31SI,143682.75,1.1
2021-10-28 03:20:00.000,2,"3",M31SI,243540.73,0.21428572
2021-10-31 09:35:00.000,2,"3",M31SI,139999.88,0.21428572
2021-10-28 20:55:00.000,2,"3",M31SI,242394.6,0.2
2021-10-28 22:15:00.000,2,"3",M31SI,109953.414,0.2
2021-10-30 00:20:00.000,2,"3",M31SI,92335.04,1.0
2021-10-31 20:30:00.000,2,"3",M31SI,81935.74,0.21428572
2021-10-27 17:05:00.000,2,"3",M31SI,244528.36,1.0
2021-10-26 12:35:00.000,2,"3",M31SI,115216.62,1.0666667
2021-10-26 18:00:00.000,2,"3",M31SI,169585.1,1.0
2021-10-27 22:20:00.000,2,"3",M31SI,90454.836,0.875
2021-10-29 19:15:00.000,2,"3",M31SI,102834.805,0.08888889
2021-10-28 06:25:00.000,2,"3",M31SI,142084.19,1.0
2021-10-27 12:05:00.000,2,"3",M31SI,242031.03,1.0
2021-10-26 14:05:00.000,2,"3",M31SI,232771.38,1.0
2021-10-31 03:10:00.000,2,"3",M31SI,243425.25,1.0
2021-10-28 09:55:00.000,2,"3",M31SI,243769.02,1.0
2021-10-30 08:20:00.000,2,"3",M31SI,142883.03,0.21428572
2021-10-27 04:25:00.000,2,"3",M31SI,231758.55,1.0
2021-10-28 19:50:00.000,2,"3",M31SI,84895.67,0.21428572
2021-10-30 20:25:00.000,2,"3",M31SI,90680.1,0.21428572
2021-10-31 16:35:00.000,2,"3",M31SI,137737.77,1.0
2021-10-26 22:20:00.000,2,"3",M31SI,148636.22,1.0
2021-10-25 23:25:00.000,2,"3",M31SI,143376.44,0.9166667
2021-10-27 16:30:00.000,2,"3",M31SI,244530.62,1.0
2021-10-28 03:40:00.000,2,"3",M31SI,243573.2,0.21428572
2021-10-27 08:45:00.000,2,"3",M31SI,232433.8,1.0
2021-10-28 22:25:00.000,2,"3",M31SI,89227.64,0.21428572
2021-10-28 16:05:00.000,2,"3",M31SI,97225.9,2.0
2021-10-30 16:35:00.000,2,"3",M31SI,244746.78,0.21428572
2021-10-28 01:25:00.000,2,"3",M31SI,38249.598,1.6666666
2021-10-28 01:30:00.000,2,"3",M31SI,111367.79,1.0
2021-10-31 01:55:00.000,2,"3",M31SI,243547.5,1.0
2021-10-29 07:00:00.000,2,"3",M31SI,243509.95,0.21428572
2021-10-30 03:50:00.000,2,"3",M31SI,243981.14,1.0
2021-10-26 09:50:00.000,2,"3",M31SI,110999.375,0.6956522
2021-10-27 14:55:00.000,2,"3",M31SI,244343.08,1.0
2021-10-31 04:05:00.000,2,"3",M31SI,0.0,1.5
2021-10-30 09:40:00.000,2,"3",M31SI,241590.4,0.21428572
2021-10-28 19:55:00.000,2,"3",M31SI,242824.73,0.2
2021-10-29 10:00:00.000,2,"3",M31SI,242614.98,1.0
2021-10-26 06:00:00.000,2,"3",M31SI,149672.3,0.75
2021-10-26 17:55:00.000,2,"3",M31SI,181884.58,1.0
2021-10-31 15:10:00.000,2,"3",M31SI,245695.11,0.21428572
2021-10-26 19:15:00.000,2,"3",M31SI,151306.81,1.0
2021-10-29 16:45:00.000,2,"3",M31SI,82700.95,0.3529412
2021-10-30 15:35:00.000,2,"3",M31SI,104145.81,0.21428572
2021-10-28 09:45:00.000,2,"3",M31SI,243767.52,1.0
2021-10-26 06:40:00.000,2,"3",M31SI,144447.66,1.7
2021-10-31 13:55:00.000,2,"3",M31SI,33416.324,0.4117647
2021-10-30 05:40:00.000,2,"3",M31SI,242310.61,1.0
2021-10-28 04:45:00.000,2,"3",M31SI,244541.62,1.0
2021-10-31 12:10:00.000,2,"3",M31SI,244701.11,1.0
2021-10-31 03:45:00.000,2,"3",M31SI,108386.05,1.2105263
2021-10-29 07:35:00.000,2,"3",M31SI,243527.0,0.21428572
2021-10-30 08:05:00.000,2,"3",M31SI,241935.67,1.4705882
2021-10-30 07:30:00.000,2,"3",M31SI,111051.25,0.21428572
2021-10-26 07:50:00.000,2,"3",M31SI,115250.96,0.72727275
2021-10-28 18:25:00.000,2,"3",M31SI,96919.05,0.21428572
2021-10-31 17:45:00.000,2,"3",M31SI,138458.14,0.2
2021-10-26 09:15:00.000,2,"3",M31SI,149896.02,0.2
2021-10-29 21:30:00.000,2,"3",M31SI,244999.11,1.6363636
2021-10-28 09:50:00.000,2,"3",M31SI,243770.33,1.0
2021-10-31 22:25:00.000,2,"3",M31SI,102381.31,0.6666667
2021-10-30 07:05:00.000,2,"3",M31SI,242785.33,1.0
2021-10-27 11:30:00.000,2,"3",M31SI,241967.75,1.0
2021-10-29 21:40:00.000,2,"3",M31SI,38734.953,1.6
2021-10-29 19:20:00.000,2,"3",M31SI,36668.344,0.33333334
2021-10-27 18:55:00.000,2,"3",M31SI,241276.97,1.0
2021-10-26 12:05:00.000,2,"3",M31SI,128666.84,1.7692307
2021-10-28 22:10:00.000,2,"3",M31SI,20765.621,0.3
2021-10-25 21:55:00.000,2,"3",M31SI,0.0,1.625
2021-10-30 05:20:00.000,2,"3",M31SI,109360.586,1.0
2021-10-28 04:50:00.000,2,"3",M31SI,244570.19,1.0
2021-10-30 05:00:00.000,2,"3",M31SI,92945.33,1.0
2021-10-27 02:15:00.000,2,"3",M31SI,197410.34,1.0
2021-10-28 23:55:00.000,2,"3",M31SI,0.0,1.1666666
2021-10-31 10:15:00.000,2,"3",M31SI,73329.03,1.4
2021-10-31 08:45:00.000,2,"3",M31SI,104009.69,0.6666667
2021-10-31 11:00:00.000,2,"3",M31SI,244273.22,0.1875
2021-10-31 00:05:00.000,2,"3",M31SI,106765.16,0.75
2021-10-30 14:35:00.000,2,"3",M31SI,243254.86,1.0
2021-10-29 15:40:00.000,2,"3",M31SI,243914.69,1.0
2021-10-30 12:40:00.000,2,"3",M31SI,239871.88,1.0
2021-10-30 18:00:00.000,2,"3",M31SI,94588.766,1.0
2021-10-29 13:45:00.000,2,"3",M31SI,241943.08,1.0
2021-10-26 09:45:00.000,2,"3",M31SI,148781.12,0.61538464
2021-10-31 06:00:00.000,2,"3",M31SI,141340.33,1.0
2021-10-29 13:10:00.000,2,"3",M31SI,241927.53,1.0
2021-10-28 06:55:00.000,2,"3",M31SI,244478.7,1.0
2021-10-31 00:45:00.000,2,"3",M31SI,231973.95,1.0
2021-10-31 10:30:00.000,2,"3",M31SI,0.0,0.45
2021-10-30 14:15:00.000,2,"3",M31SI,96277.414,1.0
2021-10-26 08:25:00.000,2,"3",M31SI,116829.9,0.875
2021-10-29 11:00:00.000,2,"3",M31SI,242753.25,0.9
2021-10-28 23:50:00.000,2,"3",M31SI,110839.55,2.0625
2021-10-30 06:10:00.000,2,"3",M31SI,131343.06,0.6363636
2021-10-27 14:50:00.000,2,"3",M31SI,244592.95,1.0
2021-10-27 18:00:00.000,2,"3",M31SI,243973.03,1.0
2021-10-27 09:00:00.000,2,"3",M31SI,232460.31,1.0
2021-10-31 11:20:00.000,2,"3",M31SI,244466.44,0.21428572
2021-10-31 11:55:00.000,2,"3",M31SI,244696.4,1.0
2021-10-28 16:45:00.000,2,"3",M31SI,244226.66,1.0
2021-10-28 08:50:00.000,2,"3",M31SI,243717.69,1.0
2021-10-31 19:10:00.000,2,"3",M31SI,142877.81,1.0
2021-10-28 23:15:00.000,2,"3",M31SI,243326.97,1.3571428
2021-10-29 03:25:00.000,2,"3",M31SI,192301.11,0.21428572
2021-10-29 05:20:00.000,2,"3",M31SI,244245.48,0.21428572
2021-10-30 21:35:00.000,2,"3",M31SI,97347.555,0.21428572
2021-10-30 16:10:00.000,2,"3",M31SI,244695.78,0.21428572
2021-10-25 20:40:00.000,2,"3",M31SI,50303.473,0.6666667
2021-10-29 05:45:00.000,2,"3",M31SI,244297.28,0.6
2021-10-31 15:35:00.000,2,"3",M31SI,245669.16,0.21428572
2021-10-30 06:30:00.000,2,"3",M31SI,241932.94,1.0
2021-10-26 02:15:00.000,2,"3",M31SI,113750.35,1.3333334
2021-10-27 17:15:00.000,2,"3",M31SI,244520.42,1.0
2021-10-29 10:10:00.000,2,"3",M31SI,122356.21,0.21428572
2021-10-27 04:10:00.000,2,"3",M31SI,231223.12,1.0
2021-10-27 12:50:00.000,2,"3",M31SI,242036.33,1.0
2021-10-26 11:40:00.000,2,"3",M31SI,144330.4,0.84615386
2021-10-26 07:20:00.000,2,"3",M31SI,137787.84,1.0
2021-10-25 20:25:00.000,2,"3",M31SI,99361.01,0.6875
2021-10-31 04:45:00.000,2,"3",M31SI,111989.52,1.0
2021-10-28 01:45:00.000,2,"3",M31SI,191528.92,0.8
2021-10-27 11:00:00.000,2,"3",M31SI,191541.72,1.0
2021-10-30 09:35:00.000,2,"3",M31SI,241581.4,0.21428572
2021-10-29 20:30:00.000,2,"3",M31SI,96202.71,0.75
2021-10-28 04:35:00.000,2,"3",M31SI,244125.0,1.0
2021-10-30 16:00:00.000,2,"3",M31SI,244638.33,0.21428572
2021-10-28 13:00:00.000,2,"3",M31SI,243999.53,1.0
2021-10-26 08:15:00.000,2,"3",M31SI,118221.67,1.3333334
2021-10-28 12:40:00.000,2,"3",M31SI,243951.45,1.0
2021-10-31 04:50:00.000,2,"3",M31SI,31430.17,1.25
2021-10-28 15:35:00.000,2,"3",M31SI,80088.914,0.7692308
2021-10-31 02:15:00.000,2,"3",M31SI,0.0,0.5
2021-10-31 07:20:00.000,2,"3",M31SI,244142.77,1.0
2021-10-31 04:15:00.000,2,"3",M31SI,96806.664,1.0
2021-10-30 09:45:00.000,2,"3",M31SI,241589.16,0.21428572
2021-10-31 19:45:00.000,2,"3",M31SI,195504.56,1.0
2021-10-29 14:00:00.000,2,"3",M31SI,241957.73,0.3888889
2021-10-28 12:50:00.000,2,"3",M31SI,243952.14,1.0
2021-10-30 11:50:00.000,2,"3",M31SI,239984.8,0.21428572
2021-10-27 03:20:00.000,2,"3",M31SI,186611.31,1.0
2021-10-28 01:05:00.000,2,"3",M31SI,192366.73,1.5
2021-10-31 07:15:00.000,2,"3",M31SI,243994.88,1.0
2021-10-30 07:40:00.000,2,"3",M31SI,141335.58,0.5
2021-10-29 16:35:00.000,2,"3",M31SI,193554.58,0.7058824
2021-10-26 15:15:00.000,2,"3",M31SI,232767.56,1.0
2021-10-27 00:45:00.000,2,"3",M31SI,110438.94,1.3333334
2021-10-27 15:05:00.000,2,"3",M31SI,244493.11,1.0
2021-10-28 12:45:00.000,2,"3",M31SI,243946.6,1.0
2021-10-27 07:25:00.000,2,"3",M31SI,232319.89,1.0
2021-10-31 21:30:00.000,2,"3",M31SI,60748.008,1.0
2021-10-31 03:55:00.000,2,"3",M31SI,108680.15,0.1875
2021-10-31 01:30:00.000,2,"3",M31SI,188767.02,1.0
2021-10-30 01:55:00.000,2,"3",M31SI,244502.31,1.0
2021-10-26 15:25:00.000,2,"3",M31SI,232798.28,1.0
2021-10-29 17:20:00.000,2,"3",M31SI,138101.72,1.0
2021-10-27 21:50:00.000,2,"3",M31SI,57563.004,0.2857143
2021-10-27 10:15:00.000,2,"3",M31SI,232347.31,1.0
2021-10-31 14:00:00.000,2,"3",M31SI,0.0,1.0
2021-10-31 20:35:00.000,2,"3",M31SI,51885.11,0.27272728
2021-10-26 04:00:00.000,2,"3",M31SI,79498.414,0.8333333
2021-10-27 10:05:00.000,2,"3",M31SI,232399.28,1.0
2021-10-31 15:55:00.000,2,"3",M31SI,245665.73,0.25
2021-10-31 17:00:00.000,2,"3",M31SI,236756.05,0.4375
2021-10-29 01:05:00.000,2,"3",M31SI,242823.33,1.0
2021-10-31 02:30:00.000,2,"3",M31SI,140979.77,1.0
2021-10-29 21:00:00.000,2,"3",M31SI,193476.83,0.21428572
2021-10-27 03:35:00.000,2,"3",M31SI,184300.08,1.0
2021-10-30 03:10:00.000,2,"3",M31SI,80232.63,0.75
2021-10-26 10:00:00.000,2,"3",M31SI,114424.59,1.244898
2021-10-27 10:50:00.000,2,"3",M31SI,232214.92,1.0
2021-10-26 08:55:00.000,2,"3",M31SI,79504.28,0.1764706
2021-10-31 20:05:00.000,2,"3",M31SI,97479.88,1.0
2021-10-26 05:45:00.000,2,"3",M31SI,79500.66,1.9090909
2021-10-30 10:10:00.000,2,"3",M31SI,0.0,0.47368422
2021-10-29 12:50:00.000,2,"3",M31SI,241797.95,1.0
2021-10-27 23:40:00.000,2,"3",M31SI,45592.586,1.08
2021-10-27 01:50:00.000,2,"3",M31SI,158452.77,1.3333334
2021-10-26 12:20:00.000,2,"3",M31SI,109829.484,0.84313726
2021-10-28 08:35:00.000,2,"3",M31SI,243657.39,1.0
2021-10-31 12:40:00.000,2,"3",M31SI,241436.38,0.21428572
2021-10-26 14:45:00.000,2,"3",M31SI,232830.94,1.0
2021-10-31 18:15:00.000,2,"3",M31SI,227679.05,0.6
2021-10-26 17:15:00.000,2,"3",M31SI,232069.02,1.0
2021-10-31 01:00:00.000,2,"3",M31SI,239253.48,1.6428572
2021-10-30 12:05:00.000,2,"3",M31SI,239992.42,1.05
2021-10-29 12:40:00.000,2,"3",M31SI,241679.81,1.0
2021-10-30 18:45:00.000,2,"3",M31SI,92086.94,1.0
2021-10-27 07:10:00.000,2,"3",M31SI,232286.1,1.0
2021-10-29 18:35:00.000,2,"3",M31SI,192215.3,1.0
2021-10-27 15:20:00.000,2,"3",M31SI,244495.67,1.0
2021-10-26 13:00:00.000,2,"3",M31SI,107115.055,1.3333334
2021-10-28 15:40:00.000,2,"3",M31SI,29469.055,1.1666666
2021-10-26 01:50:00.000,2,"3",M31SI,113014.18,0.6
2021-10-30 02:50:00.000,2,"3",M31SI,92143.53,0.8333333
2021-10-30 00:00:00.000,2,"3",M31SI,94296.8,0.6666667
2021-10-25 20:50:00.000,2,"3",M31SI,136073.92,1.0
2021-10-26 00:45:00.000,2,"3",M31SI,159518.73,1.3333334
2021-10-29 19:05:00.000,2,"3",M31SI,96253.76,2.4705882
2021-10-26 05:35:00.000,2,"3",M31SI,79502.37,1.0
2021-10-30 09:30:00.000,2,"3",M31SI,241571.34,0.21428572
2021-10-31 23:05:00.000,2,"3",M31SI,94768.05,1.0
2021-10-27 07:05:00.000,2,"3",M31SI,232296.42,1.0
2021-10-27 21:25:00.000,2,"3",M31SI,0.0,0.5625
2021-10-30 22:30:00.000,2,"3",M31SI,136869.48,1.0
2021-10-26 03:10:00.000,2,"3",M31SI,79495.09,1.0
2021-10-31 07:35:00.000,2,"3",M31SI,244126.66,1.0
2021-10-28 04:00:00.000,2,"3",M31SI,92528.4,0.21428572
2021-10-29 04:45:00.000,2,"3",M31SI,194444.89,0.375
2021-10-29 06:10:00.000,2,"3",M31SI,0.0,0.45
2021-10-30 07:50:00.000,2,"3",M31SI,241766.98,1.0
2021-10-29 16:20:00.000,2,"3",M31SI,243908.5,0.5
2021-10-28 11:45:00.000,2,"3",M31SI,94153.0,1.0
2021-10-31 21:10:00.000,2,"3",M31SI,0.0,1.8
2021-10-27 23:15:00.000,2,"3",M31SI,87812.03,0.2631579
2021-10-26 03:20:00.000,2,"3",M31SI,152525.38,1.0
2021-10-27 22:15:00.000,2,"3",M31SI,99013.414,1.0
2021-10-30 15:55:00.000,2,"3",M31SI,244462.52,0.21428572
2021-10-29 22:35:00.000,2,"3",M31SI,109244.48,0.5
2021-10-30 15:25:00.000,2,"3",M31SI,243287.03,1.6666666
2021-10-30 14:00:00.000,2,"3",M31SI,195824.47,0.85714287
2021-10-28 15:20:00.000,2,"3",M31SI,142547.89,0.71428573
2021-10-28 01:00:00.000,2,"3",M31SI,91629.43,1.0
2021-10-29 21:50:00.000,2,"3",M31SI,32054.146,0.8666667
2021-10-29 23:45:00.000,2,"3",M31SI,0.0,0.875
2021-10-28 07:30:00.000,2,"3",M31SI,244435.78,1.0
2021-10-30 09:05:00.000,2,"3",M31SI,241532.08,0.21428572
2021-10-27 12:30:00.000,2,"3",M31SI,242032.88,1.0
2021-10-26 06:05:00.000,2,"3",M31SI,135009.27,1.8125
2021-10-26 10:45:00.000,2,"3",M31SI,159978.06,1.0
2021-10-31 23:00:00.000,2,"3",M31SI,78687.34,1.0
2021-10-29 23:05:00.000,2,"3",M31SI,107070.93,0.42857143
2021-10-26 17:30:00.000,2,"3",M31SI,190067.3,1.0
2021-10-26 20:55:00.000,2,"3",M31SI,149284.17,1.0
2021-10-27 17:30:00.000,2,"3",M31SI,244451.95,1.0
2021-10-27 13:30:00.000,2,"3",M31SI,242054.27,1.0
2021-10-31 11:05:00.000,2,"3",M31SI,244371.06,0.21428572
2021-10-30 05:45:00.000,2,"3",M31SI,242487.22,1.0
2021-10-30 21:05:00.000,2,"3",M31SI,187732.72,0.21428572
2021-10-27 13:35:00.000,2,"3",M31SI,242054.72,1.0
2021-10-26 02:20:00.000,2,"3",M31SI,110099.38,1.3333334
2021-10-26 17:00:00.000,2,"3",M31SI,232302.22,1.0
2021-10-27 11:45:00.000,2,"3",M31SI,242003.55,1.0
2021-10-30 03:20:00.000,2,"3",M31SI,91858.89,1.0
2021-10-26 12:15:00.000,2,"3",M31SI,146667.45,0.6923077
2021-10-26 01:05:00.000,2,"3",M31SI,177786.0,1.1538461
2021-10-26 00:35:00.000,2,"3",M31SI,124042.75,0.21428572
2021-10-30 02:25:00.000,2,"3",M31SI,35894.355,1.6666666
2021-10-30 01:25:00.000,2,"3",M31SI,244481.1,1.0
2021-10-26 02:40:00.000,2,"3",M31SI,117310.72,0.75
2021-10-28 23:35:00.000,2,"3",M31SI,115082.98,2.0625
2021-10-30 15:40:00.000,2,"3",M31SI,94117.74,0.21428572
2021-10-27 02:40:00.000,2,"3",M31SI,195958.61,1.0
2021-10-30 02:05:00.000,2,"3",M31SI,80864.58,1.8333334
2021-10-28 07:00:00.000,2,"3",M31SI,244446.05,1.0
2021-10-27 01:00:00.000,2,"3",M31SI,129552.65,1.0
2021-10-25 22:55:00.000,2,"3",M31SI,76931.29,0.9230769
2021-10-30 16:30:00.000,2,"3",M31SI,244745.78,0.21428572
2021-10-31 01:45:00.000,2,"3",M31SI,243418.39,1.0
2021-10-31 19:50:00.000,2,"3",M31SI,192175.1,1.0
2021-10-30 10:40:00.000,2,"3",M31SI,239853.53,0.21428572
2021-10-27 04:30:00.000,2,"3",M31SI,231854.4,1.0
2021-10-29 16:25:00.000,2,"3",M31SI,243908.34,0.42105263
2021-10-29 13:05:00.000,2,"3",M31SI,241903.5,1.0
2021-10-28 17:00:00.000,2,"3",M31SI,244412.23,1.0
2021-10-27 00:50:00.000,2,"3",M31SI,143511.14,1.0
2021-10-31 06:05:00.000,2,"3",M31SI,243025.77,1.625
2021-10-31 08:55:00.000,2,"3",M31SI,99367.87,0.1764706
2021-10-28 22:50:00.000,2,"3",M31SI,243357.81,0.21428572
2021-10-29 08:10:00.000,2,"3",M31SI,0.0,2.0
2021-10-31 14:55:00.000,2,"3",M31SI,191740.73,0.21428572
2021-10-31 20:25:00.000,2,"3",M31SI,85802.43,0.36363637
2021-10-31 22:00:00.000,2,"3",M31SI,92815.01,0.0625
2021-10-30 16:40:00.000,2,"3",M31SI,244735.84,0.21428572
2021-10-26 10:50:00.000,2,"3",M31SI,159991.47,0.8
2021-10-30 14:25:00.000,2,"3",M31SI,242480.69,1.0
2021-10-31 07:25:00.000,2,"3",M31SI,244064.12,1.0
2021-10-29 15:00:00.000,2,"3",M31SI,243847.23,1.0
2021-10-28 17:15:00.000,2,"3",M31SI,244449.69,1.0
2021-10-26 20:40:00.000,2,"3",M31SI,184930.73,1.0
2021-10-28 17:45:00.000,2,"3",M31SI,80718.016,1.0
2021-10-27 02:05:00.000,2,"3",M31SI,194665.14,1.0
2021-10-31 00:00:00.000,2,"3",M31SI,187641.86,0.5714286
2021-10-29 00:35:00.000,2,"3",M31SI,242586.62,1.0
2021-10-28 00:05:00.000,2,"3",M31SI,110973.766,0.5
2021-10-28 01:55:00.000,2,"3",M31SI,244493.16,1.0
2021-10-28 11:05:00.000,2,"3",M31SI,55377.574,1.0434783
2021-10-30 13:10:00.000,2,"3",M31SI,240027.53,1.0
2021-10-27 12:00:00.000,2,"3",M31SI,242020.47,1.0
2021-10-29 19:40:00.000,2,"3",M31SI,192242.86,0.21428572
2021-10-26 01:55:00.000,2,"3",M31SI,79494.12,0.625
2021-10-31 22:35:00.000,2,"3",M31SI,67120.02,0.055555556
2021-10-30 17:20:00.000,2,"3",M31SI,0.0,0.47368422
2021-10-27 20:10:00.000,2,"3",M31SI,242594.95,1.0
2021-10-26 17:40:00.000,2,"3",M31SI,181953.34,1.0
2021-10-26 15:20:00.000,2,"3",M31SI,232785.48,1.0
2021-10-26 21:50:00.000,2,"3",M31SI,182147.64,1.0
2021-10-27 18:10:00.000,2,"3",M31SI,99372.26,1.25
2021-10-26 02:45:00.000,2,"3",M31SI,79493.76,0.8
2021-10-27 06:50:00.000,2,"3",M31SI,232316.34,1.0
2021-10-29 00:15:00.000,2,"3",M31SI,96837.74,1.0
2021-10-27 03:00:00.000,2,"3",M31SI,193284.56,1.0
2021-10-26 21:55:00.000,2,"3",M31SI,148815.31,1.0
2021-10-30 01:40:00.000,2,"3",M31SI,244489.11,1.0
2021-10-28 11:40:00.000,2,"3",M31SI,98573.8,1.0
2021-10-29 03:20:00.000,2,"3",M31SI,196670.1,0.2
2021-10-28 05:35:00.000,2,"3",M31SI,143708.0,0.75
2021-10-29 06:45:00.000,2,"3",M31SI,243474.98,0.21428572
2021-10-31 00:50:00.000,2,"3",M31SI,238551.22,1.0
2021-10-27 01:05:00.000,2,"3",M31SI,124753.87,1.0
2021-10-26 21:40:00.000,2,"3",M31SI,180371.3,1.0
2021-10-31 23:30:00.000,2,"3",M31SI,98776.17,0.21428572
2021-10-28 02:15:00.000,2,"3",M31SI,110000.016,0.0
2021-10-30 06:15:00.000,2,"3",M31SI,104710.805,1.0
2021-10-29 20:50:00.000,2,"3",M31SI,201267.36,0.21428572
2021-10-31 20:40:00.000,2,"3",M31SI,82415.39,1.0625
2021-10-26 09:10:00.000,2,"3",M31SI,79503.39,0.35714287
2021-10-29 10:35:00.000,2,"3",M31SI,242636.72,0.21428572
2021-10-25 23:15:00.000,2,"3",M31SI,90085.89,1.0
2021-10-27 10:25:00.000,2,"3",M31SI,232301.11,1.0
2021-10-26 00:15:00.000,2,"3",M31SI,156551.2,1.0
2021-10-30 22:20:00.000,2,"3",M31SI,92359.02,1.0
2021-10-27 05:10:00.000,2,"3",M31SI,232255.23,1.0
2021-10-27 15:45:00.000,2,"3",M31SI,244505.16,1.0
2021-10-27 09:05:00.000,2,"3",M31SI,232463.83,1.0
2021-10-27 00:40:00.000,2,"3",M31SI,145476.9,1.0
2021-10-30 13:15:00.000,2,"3",M31SI,240032.4,1.0
2021-10-30 07:20:00.000,2,"3",M31SI,242776.72,1.6363636
2021-10-31 05:05:00.000,2,"3",M31SI,147331.47,1.0
2021-10-28 13:50:00.000,2,"3",M31SI,244098.72,1.2
2021-10-26 04:05:00.000,2,"3",M31SI,133057.03,1.6666666
2021-10-31 14:05:00.000,2,"3",M31SI,110465.75,0.88235295
2021-10-30 17:40:00.000,2,"3",M31SI,0.0,0.3
2021-10-28 15:25:00.000,2,"3",M31SI,0.0,1.1666666
2021-10-28 19:30:00.000,2,"3",M31SI,65715.164,0.21428572
2021-10-31 01:10:00.000,2,"3",M31SI,59565.414,1.0
2021-10-28 00:15:00.000,2,"3",M31SI,38675.4,1.0
2021-10-30 09:20:00.000,2,"3",M31SI,241560.47,0.23076923
2021-10-27 17:40:00.000,2,"3",M31SI,244274.78,1.0
2021-10-26 15:30:00.000,2,"3",M31SI,232812.5,1.0
2021-10-30 07:25:00.000,2,"3",M31SI,0.0,0.5294118
2021-10-26 23:40:00.000,2,"3",M31SI,79213.36,1.3333334
2021-10-29 16:15:00.000,2,"3",M31SI,243911.48,1.0
2021-10-29 00:20:00.000,2,"3",M31SI,90162.13,1.0
2021-10-30 22:45:00.000,2,"3",M31SI,183951.8,2.2857144
2021-10-27 07:45:00.000,2,"3",M31SI,232368.55,1.0
2021-10-25 21:35:00.000,2,"3",M31SI,147262.67,0.8
2021-10-30 09:50:00.000,2,"3",M31SI,241594.17,0.21428572
2021-10-28 00:25:00.000,2,"3",M31SI,109048.97,1.125
2021-10-28 10:35:00.000,2,"3",M31SI,163827.2,0.21052632
2021-10-28 14:35:00.000,2,"3",M31SI,77339.52,1.0
2021-10-29 06:25:00.000,2,"3",M31SI,90512.63,0.21428572
2021-10-28 00:30:00.000,2,"3",M31SI,20272.426,0.7777778
2021-10-26 04:15:00.000,2,"3",M31SI,141584.88,1.0
2021-10-27 08:00:00.000,2,"3",M31SI,232410.48,1.0
2021-10-29 03:55:00.000,2,"3",M31SI,243775.73,0.21428572
2021-10-31 09:05:00.000,2,"3",M31SI,191271.61,0.21428572
2021-10-30 00:15:00.000,2,"3",M31SI,101625.75,0.75
2021-10-29 18:10:00.000,2,"3",M31SI,120491.53,0.75
2021-10-31 22:10:00.000,2,"3",M31SI,99506.2,1.3529412
2021-10-26 19:00:00.000,2,"3",M31SI,186684.3,1.0
2021-10-29 10:05:00.000,2,"3",M31SI,242614.94,1.0
2021-10-29 20:00:00.000,2,"3",M31SI,121740.94,2.0625
2021-10-26 10:35:00.000,2,"3",M31SI,186655.38,1.0
